% Model,OC.mph
% Version,COMSOL 5.3.1.201
% Date,"Feb 14 2018, 17:15"
% Table,Table 1 - 
% Time (s),"Temperature (W), Probe Pint","Temperature (degC), average_fuel_temp_probe","Temperature (degC), average_flibe_temp_probe","Temperature (degC), max fuel temp","Temperature (degC), max flibe temp","Temperature (degC), Tp1","Temperature (degC), Tp21","Temperature (degC), Tp22","Temperature (degC), Tp23","Temperature (degC), Tp24","Temperature (degC), Tp3"
0,2.3598708755715713E8,718.6834036030159,670.652711669475,1333.517103617994,892.4723997332525,717.8573454104718,721.037353506212,720.0973315277715,719.1831743119627,717.8573444564357,716.0678724051684
1,2.3571622621280017E8,718.6653788636329,670.653544274574,1333.477706686012,892.4677529000893,717.841270600728,721.0156616238279,720.077157159433,719.1644930809804,717.8408509620884,716.0528397549249
2,2.357098471622394E8,718.6523858846069,670.6538658475905,1333.4386152577576,892.4644725553468,717.8280057859245,721.0027612881914,720.0642059991453,719.1514713812411,717.8276972197427,716.0401736334888
3,2.3568340119183153E8,718.6468378115886,670.6533894134793,1333.4129475427821,892.461371055215,717.8219528436794,720.9980354250952,720.0591337425849,719.1460618896269,717.8217981197948,716.0340448486526
4,2.3567154232519042E8,718.6388569612444,670.652908439836,1333.3744841771122,892.4585961212921,717.8140058549158,720.9898847598088,720.0510487024342,719.1380407501329,717.8138697784193,716.026291921758
5,2.3566333023451498E8,718.6302679165661,670.6524263312923,1333.332821898769,892.4559028289217,717.8055853544736,720.9808778939466,720.0422104663171,719.1293666986728,717.8054341267398,716.0181329593265
6,2.3565511814382064E8,718.6216788718947,670.6519442227241,1333.2911596204258,892.4532095365511,717.797164854063,720.9718710281452,720.0333722302399,719.1206926471771,717.7969984750041,716.0099739969014
7,2.3664174227864078E8,718.408674684231,670.2969314416994,1333.6286954042057,893.257289613149,717.5815947838005,720.7688553930852,719.826448544002,718.9099677339291,717.5807595127851,715.7844221376893
8,2.3829159056378445E8,718.0593937344845,669.705564879078,1334.2190298960682,894.5992186023919,717.2279250002493,720.4365005785946,719.4874678909873,718.564542246165,717.2259850102485,715.4139416806563
9,2.3994143884895748E8,717.7101127847551,669.1141983164142,1334.8093643879306,895.9411475916351,716.874255216734,720.1041457640023,719.1484872379342,718.2191167584047,716.8712105077072,715.0434612236577
10,2.4159128713410223E8,717.360831835021,668.5228317537274,1335.3996988797921,897.2830765808784,716.5205854332162,719.7717909494929,718.8095065849284,717.8736912706513,716.5164360051598,714.6729807665723
11,2.4324113541925272E8,717.0115508853075,667.9314651911324,1335.9900333716546,898.6250055701215,716.1669156496546,719.4394361349406,718.4705259319334,717.5282657828915,716.1616615026021,714.3025003095258
12,2.448909837044272E8,716.6622699355353,667.3400986284582,1336.580367863517,899.9669345593644,715.8132458661618,719.1070813204392,718.1315452789318,717.1828402951686,715.8068870000601,713.9320198524982
13,2.473288509782708E8,716.208855892826,666.5409348387444,1337.5651367991086,901.6975741463133,715.3528852023182,718.678590154787,717.6932564433114,716.7350216093328,715.34524435015,713.4481375971627
14,2.5291879420697367E8,715.3389094783353,664.910582140659,1340.1276435096183,904.9830561240843,714.4657610173082,717.8655535847845,716.8577348771364,715.8776301312886,714.4561291106503,712.5106481487229
15,2.5850873743564066E8,714.4689630637748,663.2802294425809,1342.690150220128,908.2685381018551,713.5786368322985,717.0525170147818,716.0222133110111,715.0202386532233,713.5670138711487,711.5731587002182
16,2.640986806643288E8,713.5990166492747,661.6498767445006,1345.2526569306378,911.554020079626,712.6915126472852,716.2394804447752,715.1866917448373,714.1628471752095,712.677898631707,710.6356692517705
17,2.6968862389299893E8,712.7290702347368,660.0195240464377,1347.8151636411471,914.8395020573972,711.8043884622472,715.426443874777,714.3511701786763,713.3054556971657,711.7887833922455,709.6981798032957
18,2.752785671216892E8,711.8591238201955,658.3891713483673,1350.377670351657,918.124984035168,710.9172642771825,714.613407304761,713.5156486125244,712.4480642191193,710.899668152747,708.760690354824
19,2.830555199469384E8,710.9399015796773,656.721237055956,1354.148082623497,920.7093968298642,709.9784920300707,713.7539351196278,712.6324378893219,711.5417663552597,709.9598837354281,707.7728943483608
20,2.9168671702692205E8,710.0014322397101,655.0386234219131,1358.3903018721621,923.0199725445763,709.0195460898597,712.8763252191848,711.7305998183058,710.616365695003,709.000307976555,706.76544863928
21,3.0031791410691196E8,709.0629628997272,653.356009787833,1362.6325211208273,925.3305482592883,708.0606001496452,711.9987153187313,710.8287617472763,709.690965034747,708.0407322176504,705.75800293026
22,3.0894911118690854E8,708.1244935597285,651.6733961538322,1366.8747403694924,927.6411239740006,707.1016542094166,711.1211054182902,709.9269236762439,708.765564374475,707.0811564587071,704.7505572212021
23,3.1738910904074126E8,707.6652848192197,650.2462073365929,1373.1410372363857,929.0832427482652,706.6092680455739,710.7475199489922,709.5188817914801,708.3240107309849,706.5909947569885,704.2010336411631
24,3.256892289017708E8,707.5566947083425,649.0058828252246,1380.8881137075045,929.8900136915084,706.4582088124575,710.7426698933049,709.4720925161828,708.2364310593935,706.4442481277019,703.9865178409782
25,3.339893487628259E8,707.4481045974219,647.7655583139131,1388.635190178623,930.6967846347517,706.3071495793064,710.7378198376043,709.4253032408487,708.1488513878031,706.2975014983504,703.7720020407384
26,3.422894686238457E8,707.339514486571,646.5252338025606,1396.3822666497413,931.5035555779947,706.156090346189,710.7329697818914,709.3785139655645,708.0612717162226,706.1507548690515,703.5574862405044
27,3.499352199932728E8,707.3634123156324,645.3971809435983,1405.1497327076595,932.5033104628914,706.1430205174399,710.8495873290334,709.4577300502394,708.1041135217481,706.1408391365816,703.485183338694
28,3.5673414496877784E8,707.5587644335922,644.4144202247338,1415.2376976056603,933.752808264028,706.3085244910362,711.1233976100067,709.7000112365199,708.3157353810477,706.3079979675524,703.5969199154014
29,3.6353306994431376E8,707.7541165515432,643.4316595058544,1425.3256625036615,935.0023060651648,706.4740284646688,711.3972078909652,709.9422924228,708.527357240264,706.475156798526,703.7086564920922
30,3.703319949198275E8,707.9494686695107,642.4488987870004,1435.4136274016623,936.2518038663014,706.6395324382528,711.671018171939,710.1845736091092,708.7389790995463,706.6423156294861,703.8203930688084
31,3.766765262254393E8,708.1621264826579,641.5388011082608,1445.8003666964755,937.6132006689542,706.8256017861775,711.9543282092428,710.4395155197087,708.9663360145342,706.8296687999236,703.9573085662831
32,3.8193141971447533E8,708.4162834211862,640.8029496869661,1456.903568175895,939.2429317195773,707.0609869829958,712.2604186997897,710.7248178973322,709.2314256554542,707.065448076245,704.1546032153643
33,3.871863132034875E8,708.6704403597348,640.0670982656821,1468.0067696553142,940.8726627702005,707.2963721797918,712.5665091903054,711.0101202749349,709.4965152963613,707.3012273525999,704.3518978644238
34,3.924412066924984E8,708.9245972982942,639.3312468443894,1479.1099711347333,942.5023938208236,707.5317573765783,712.8725996808319,711.2954226525499,709.761604937264,707.537006628918,704.5491925135196
35,3.976097239513438E8,709.1786808657204,638.6073882474302,1490.2078695799255,944.1444633117875,707.7675307044815,713.1773929606875,711.5799192591206,710.0263666921995,707.773151064877,704.7477245130699
36,4.021470395495627E8,709.4322282677832,637.9711682359908,1501.2670156507152,945.8766970067066,708.0061403334619,713.4727067628672,711.8585276252891,710.2887323920634,708.0119639360789,704.9552985568787
37,4.06420877464264E8,709.6855518623793,637.3715305292528,1512.3099856141257,947.6465672559633,708.2459338979288,713.7640636191991,712.1346781082922,710.5500979250135,708.2518906718195,705.1666469520253
38,4.10431237695349E8,709.9386516495211,636.8084751272352,1523.336779470158,949.4540740595565,708.4869113978507,714.0514635296505,712.4083707081408,710.8104632910425,708.4929312721094,705.3817696985732
39,4.1417812024287117E8,710.1915276293013,636.2820020299603,1534.3473972188117,951.2992174174866,708.7290728332628,714.334906494194,712.6796054247675,711.0698284901434,708.7350857368732,705.6006667965225
40,4.1766152510685074E8,710.444179801599,635.7921112373917,1545.3418388600862,953.1819973297537,708.9724182041444,714.6143925128897,712.948382258224,711.3281935222903,708.9783540661982,705.823338245792
41,4.208814522872862E8,710.6966081664671,635.338802749567,1556.320104393982,955.1024137963578,709.2169475104828,714.8899215857099,713.2147012085434,711.5855583875621,709.2227362600127,706.0497840465149
42,4.238379017841324E8,710.9488127239001,634.9220765664819,1567.2821938204997,957.0604668172988,709.462660752372,715.1614937126348,713.4785622756648,711.8419230858499,709.4682323183716,706.2800041985867
43,4.265308735974454E8,711.2007934739116,634.5419326881472,1578.2281071396387,959.056156392577,709.709557929655,715.4291088936762,713.7399654595837,712.0972876172516,709.7148422412362,706.5139987020377
44,4.291022692756128E8,711.4719230005745,634.1726146965693,1588.8709637165894,960.97317715714,709.9731226546397,715.7217712797251,714.0240268306806,712.3729858955028,709.9784130531552,706.7612182897386
45,4.314648262941777E8,711.7502881104816,633.8299615313671,1599.3871811359772,962.8830512323578,710.2438332617143,716.0216447340202,714.3153012318353,712.6558986051697,710.249199607621,707.0158512224249
46,4.335995684705779E8,712.0332981504599,633.517417541761,1609.8151233151098,964.801331879294,710.5196191614182,716.324850595122,714.6104299461224,712.9431728088314,710.525082717006,707.2766336742736
47,4.355064958049366E8,712.3209531205731,633.2349827277711,1620.154790253987,966.7280190979483,710.8004803537593,716.6313888630367,714.9094129736069,713.2348085064581,710.8060623811973,707.5435656453061
48,4.371856082972105E8,712.6132530207838,632.9826570892997,1630.4061819526096,968.6631128883208,711.0864168387421,716.9412595377845,715.2122503142526,713.530805698059,711.0921386001878,707.8166471355806
49,4.386369059473631E8,712.9101978510613,632.7604406264395,1640.5692984109764,970.6066132504114,711.3774286163598,717.2544626193297,715.5189419680099,713.8311643836855,711.3833113740428,708.0958781449646
50,4.398603887554668E8,713.2117876114633,632.5683333391695,1650.6441396290875,972.5585201842204,711.6735156866313,717.5709981077013,715.8294879349432,714.1358845632335,711.6795807027333,708.381258673566
51,4.4085605672138274E8,713.5180223019784,632.4063352274995,1660.6307056069436,974.5188336897473,711.9746780495095,717.8908660028782,716.1438882150157,714.4449662367842,711.9809465862371,708.6727887213068
52,4.4184789029457444E8,713.8145406505937,632.2476311307322,1670.2453310741143,976.4376702939488,712.2667305388063,718.1996987605912,716.447791479521,714.7440750613756,712.2731010491731,708.9558470140104
53,4.428383129432734E8,714.1011872683782,632.0919309088215,1679.4849467727604,978.3144902577138,712.5495196710074,718.4973409240959,716.7410424470497,715.0330559394714,712.555889279236,709.2302753495397
54,4.4368707158534676E8,714.3869549610295,631.9560257993687,1688.5271794936584,980.180529837833,712.8319279771022,718.7927892265878,717.032627696987,715.3208848141302,712.8382707086087,709.5052293428187
55,4.443941662209751E8,714.671843728556,631.8399158023177,1697.3720292368098,982.035789034306,713.1139554570927,719.0860436680804,717.3225472293491,715.6075616853648,713.1202453373239,709.78070899395
56,4.449595968501233E8,714.9558535708812,631.7436009177484,1706.0194960022136,983.8802678471333,713.3956021110207,719.3771042486065,717.6108010441492,715.8930865532187,713.4018131653859,710.0567143028898
57,4.453833634726393E8,715.2389844880934,631.6670811455934,1714.4695797898698,985.7139662763144,713.6768679388451,719.6659709681398,717.897389141359,716.1774594176795,713.6829741927843,710.3332452696868
58,4.456654660886949E8,715.5212364801221,631.6103564858828,1722.7222805997785,987.5368843218497,713.9577529405748,719.9526438267227,718.1823115209967,716.4606802787215,713.9637284194746,710.6103018942869
59,4.45805904698225E8,715.8026095470298,631.5734269385617,1730.77759843194,989.3490219837391,714.2382571161869,720.2371228243334,718.4655681830474,716.7427491363985,714.2440758455211,710.8878841767405
60,4.4595223561333275E8,716.0745100988831,631.5424250779433,1738.5672278109291,991.1196501357919,714.509486963401,720.5116234837643,718.739050320323,717.0152416005683,714.5151341287739,711.156524096428
61,4.4637017110702914E8,716.321463214377,631.492379114007,1745.9681675388315,992.7934332531646,714.7554274929938,720.7621278947934,718.9881559848614,717.2629874370273,714.7609083770307,711.3991720995436
62,4.467598633145384E8,716.5609318509325,631.4514689190256,1753.119220562618,994.432815718926,714.9941511118386,721.004454824046,719.2293630114045,717.5031057735631,714.999448318425,711.6350680662662
63,4.471213122360183E8,716.792916008514,631.4196944928414,1760.0203868822891,996.0377975330761,715.2256578199124,721.2386042716283,719.4626713999247,717.7355966101591,715.2307539529259,711.8642119966296
64,4.474545178714055E8,717.0174156871618,631.3970558355867,1766.6716664978453,997.6083786956148,715.4499476171726,721.4645762374173,719.6880811504475,717.9604599468221,715.4548252805037,712.0866038906081
65,4.4775948022067016E8,717.2344308868695,631.3835529471955,1773.073059409286,999.1445592065423,715.6670205036647,721.6823707214637,719.9055922629389,718.1776957835592,715.6716623011787,712.3022437481866
66,4.480361992838632E8,717.4439616075981,631.3791858276655,1779.224565616611,1000.6463390658583,715.876876479406,721.891987723772,720.1152047374312,718.3873041203339,715.8812650149796,712.5111315693937
67,4.482846750608709E8,717.6460078493045,631.3839544770498,1785.1261851198205,1002.1137182735632,716.0795155443662,722.0934272443781,720.3169185739058,718.5892849572018,716.0836334218585,712.7132673542642
68,4.4850379946752036E8,717.8401867880555,631.3974216299866,1790.7354016656518,1003.5359760531352,716.274510014718,722.2864124327755,720.5104139583615,718.7832766909755,716.2783452993453,712.908162332147
69,4.4865427803816116E8,718.0117637925919,631.3937397039346,1794.1193658146021,1004.4111420985085,716.4448149942116,722.4616973369094,720.6842208110338,718.9556459492342,716.448629266247,713.075574398005
70,4.4880475660872585E8,718.1833407971421,631.3900577778786,1797.503329963552,1005.2863081438819,716.6151199736921,722.6369822410312,720.8580276637017,719.1280152074935,716.6189132331353,713.2429864638369
71,4.4895523517933464E8,718.3549178016867,631.386375851821,1800.8872941125023,1006.1614741892555,716.785424953143,722.8122671451717,721.0318345163421,719.300384465751,716.789197200039,713.4103985296834
72,4.4910571374992216E8,718.5264948062211,631.3826939257427,1804.2712582614522,1007.0366402346289,716.9557299326377,722.987552049319,721.2056413689767,719.472753724023,716.9594811669382,713.5778105955358
73,4.49256192320549E8,718.6980718107648,631.3790119996619,1807.655222410402,1007.9118062800025,717.1260349120951,723.1628369534461,721.3794482216252,719.6451229822818,717.129765133841,713.7452226613918
74,4.494066708911646E8,718.8696488153081,631.3753300736012,1811.039186559352,1008.7869723253758,717.2963398915923,723.3381218575579,721.5532550742703,719.8174922405541,717.3000491007409,713.9126347271922
75,4.495571494617788E8,719.0412258198774,631.3716481475716,1814.4231507083023,1009.6621383707494,717.4666448710747,723.5134067617126,721.7270619269141,719.9898614988041,717.4703330676263,714.0800467930522
76,4.4970762803236854E8,719.2128028243897,631.367966221469,1817.8071148572521,1010.5373044161228,717.6369498505255,723.6886916658509,721.9008687795654,720.1622307570675,717.6406170345207,714.2474588589263
77,4.4985810660296136E8,719.3843798289602,631.3642842954094,1821.191079006202,1011.4124704614964,717.8072548300137,723.8639765699448,722.0746756322236,720.3346000153073,717.8109010014207,714.4148709247105
78,4.500085851735778E8,719.5559568334855,631.3606023693592,1824.5750431551523,1012.2876365068697,717.977559809485,724.0392614740838,722.2484824848524,720.5069692735901,717.9811849683035,714.5822829905934
79,4.50159063744179E8,719.7275338380358,631.3569204432773,1827.9590073041022,1013.1628025522433,718.1478647889808,724.2145463782231,722.4222893375104,720.6793385318468,718.151468935219,714.7496950564132
80,4.5030954231479293E8,719.8991108425963,631.3532385172012,1831.342971453052,1014.0379685976167,718.3181697684307,724.3898312823528,722.5960961901396,720.8517077901038,718.3217529021023,714.9171071222642
81,4.504600208853814E8,720.0706878471141,631.3495565911282,1834.726935602002,1014.91313464299,718.4884747479184,724.5651161864712,722.7699030428249,721.0240770483612,718.4920368689992,715.0845191880869
82,4.506104994559884E8,720.2422648516549,631.3458746650124,1838.1108997509523,1015.7883006883636,718.6587797273886,724.7404010906125,722.9437098954563,721.1964463066106,718.6623208358951,715.2519312539476
83,4.507609780265876E8,720.4138418561976,631.3421927390012,1841.4948638999022,1016.663466733737,718.8290847068863,724.9156859947378,723.1175167480761,721.3688155648852,718.8326048027794,715.4193433197694
84,4.509114565971576E8,720.5854188607557,631.3385108129436,1844.8788280488525,1017.5386327791106,718.9993896863392,725.090970898889,723.2913236007233,721.5411848231347,719.0028887696851,715.586755385624
85,4.510631018593071E8,720.7362014511591,631.3482757542301,1847.6192261688257,1018.3543512704222,719.1493169751814,725.2443369046945,723.4436623647802,721.6925245262585,719.1527793829391,715.7345885531373
86,4.5121615371363705E8,720.8619137797285,631.3742525725484,1849.5837251098478,1019.0983983149662,719.2746764143473,725.3712769426509,723.5701186682248,721.8185104756759,719.2780832628116,715.8588169148013
87,4.513692055679507E8,720.9876261083418,631.400229390908,1851.5482240508709,1019.84244535951,719.4000358534824,725.4982169806015,723.696574971711,721.9444964251057,719.4033871426876,715.9830452764596
88,4.515222574222809E8,721.113338436931,631.4262062092486,1853.512722991893,1020.586492404054,719.525395292657,725.6251570185425,723.8230312752031,722.0704823745579,719.5286910225698,716.1072736381396
89,4.516753092765957E8,721.2390507655286,631.4521830276068,1855.477221932916,1021.3305394485977,719.6507547318427,725.7520970564967,723.9494875786855,722.1964683239822,719.6539949024731,716.2315019997798
90,4.518283611309223E8,721.3647630941433,631.4781598459398,1857.4417208739383,1022.0745864931417,719.7761141710128,725.8790370944638,724.0759438821564,722.3224542733911,719.7792987823194,716.3557303614665
91,4.519814129852622E8,721.4904754227214,631.504136664281,1859.4062198149613,1022.8186335376855,719.9014736101578,726.0059771323979,724.2024001856411,722.4484402228063,719.9046026622162,716.4799587231117
92,4.521344648396237E8,721.6161877513349,631.5301134826262,1861.3707187559835,1023.5626805822297,720.0268330493248,726.1329171703195,724.3288564891237,722.5744261722396,720.0299065421164,716.6041870847749
93,4.5228751669393814E8,721.7419000799143,631.5560903009796,1863.335217697006,1024.3067276267734,720.1521924885016,726.259857208288,724.455312792615,722.7004121216402,720.1552104219827,716.7284154464381
94,4.5244056854827136E8,721.8676124085281,631.582067119286,1865.2997166380287,1025.0507746713174,720.2775519276747,726.386797246219,724.5817690960857,722.8263980710939,720.2805143018584,716.8526438081179
95,4.525936204025639E8,721.9933247371222,631.6080439376204,1867.2642155790513,1025.7948217158614,720.4029113668183,726.5137372841872,724.7082253995638,722.9523840205075,720.4058181817463,716.9768721697859
96,4.527466722569206E8,722.1190370657022,631.634020755998,1869.228714520074,1026.5388687604054,720.5282708059783,726.6406773221468,724.834681703077,723.0783699699757,720.5311220616383,717.101100531426
97,4.5289972411123335E8,722.2447493943072,631.659997574347,1871.193213461096,1027.282915804949,720.6536302451577,726.7676173600862,724.9611380065381,723.2043559193886,720.6564259415086,717.2253288931195
98,4.530527759655608E8,722.3704617228742,631.6859743926942,1873.1577124021192,1028.026962849493,720.7789896843569,726.8945573980227,725.0875943100231,723.3303418687912,720.7817298213537,717.3495572547671
99,4.532058278199173E8,722.4961740515109,631.7119512110046,1875.1222113431413,1028.771009894037,720.904349123473,727.0214974359648,725.2140506135021,723.456327818251,720.907033701254,717.4737856164772
100,4.533588796742708E8,722.6218863800717,631.7379280293654,1877.0867102841644,1029.515056938581,721.029708562651,727.1484374739214,725.340506916978,723.5823137676854,721.0323375811533,717.5980139781155
101,4.5351193152856266E8,722.7475987087009,631.7639048477009,1879.0512092251865,1030.259103983125,721.1550680018207,727.2753775118655,725.4669632204693,723.708299717109,721.1576414610348,717.7222423397785
102,4.536752167351113E8,722.8321256909535,631.8038151726114,1880.1534325772868,1030.8810378704811,721.2395070834413,727.3603577171616,725.5517684386067,723.7929347917188,721.2420298121366,717.8061563027085
103,4.5383980622231084E8,722.911403439895,631.8455013773286,1881.1457555354655,1031.4874079586875,721.3187307055182,727.4399899777976,725.6312650630995,723.8722995357342,721.3212033192192,717.8849320379245
104,4.540043957095815E8,722.9906811888028,631.8871875820878,1882.1380784936441,1032.0937780468944,721.3979543275988,727.5196222384506,725.7107616875937,723.9516642797524,721.4003768262746,717.9637077731619
105,4.541689851968118E8,723.069958937755,631.9288737868297,1883.1304014518228,1032.7001481351008,721.4771779496884,727.5992544991186,725.7902583121104,724.0310290237665,721.4795503333484,718.0424835083954
106,4.5433357468405414E8,723.1492366866587,631.9705599915626,1884.1227244100019,1033.3065182233072,721.5564015717897,727.6788867597605,725.8697549366188,724.1103937677913,721.5587238404055,718.121259243636
107,4.54498164171309E8,723.2285144355728,632.012246196315,1885.1150473681805,1033.9128883115131,721.6356251938864,727.7585190204188,725.9492515611056,724.189758511817,721.6378973474685,718.2000349788431
108,4.546627536585282E8,723.307792184541,632.0539324010689,1886.1073703263592,1034.5192583997195,721.7148488159808,727.838151281022,726.0287481856085,724.2691232558298,721.7170708545467,718.2788107141307
109,4.5482734314575285E8,723.3870699334329,632.0956186057883,1887.0996932845378,1035.125628487926,721.794072438094,727.9177835416743,726.1082448101331,724.3484879998631,721.7962443616202,718.3575864493587
110,4.549919326330632E8,723.4663476823762,632.1373048105204,1888.0920162427165,1035.7319985761324,721.8732960601653,727.9974158023272,726.1877414346345,724.4278527438967,721.8754178686677,718.4363621846081
111,4.5515652212031704E8,723.5456254312951,632.1789910152747,1889.0843392008956,1036.3383686643392,721.9525196822801,728.0770480629938,726.2672380591281,724.507217487881,721.9545913757489,718.5151379198
112,4.5532111160751987E8,723.6249031802226,632.2206772200103,1890.0766621590737,1036.9447387525456,722.031743304357,728.1566803236079,726.3467346836505,724.5865822319098,722.0337648827922,718.5939136550465
113,4.554857010947664E8,723.7041809291749,632.2623634247318,1891.0689851172529,1037.551108840752,722.1109669264576,728.2363125842446,726.4262313081452,724.6659469759459,722.1129383898449,718.6726893902822
114,4.556502905820192E8,723.7834586780871,632.3040496295263,1892.0613080754315,1038.1574789289584,722.190190548575,728.3159448449182,726.5057279326301,724.7453117199511,722.1921118969469,718.7514651255314
115,4.5581488006923455E8,723.862736427027,632.3457358342538,1893.0536310336101,1038.7638490171648,722.2694141706216,728.3955771055623,726.5852245571394,724.8246764639745,722.2712854040292,718.8302408607482
116,4.559794695565257E8,723.9420141759238,632.3874220389965,1894.0459539917888,1039.3702191053708,722.3486377927495,728.4752093662007,726.6647211816346,724.9040412080103,722.350458911054,718.9090165960018
117,4.5614405904372096E8,724.0212919248762,632.4291082437379,1895.0382769499674,1039.9765891935772,722.4278614148272,728.5548416268293,726.7442178061488,724.9834059520128,722.429632418115,718.9877923312417
118,4.563086485309507E8,724.1005696737723,632.4707944484752,1896.0305999081465,1040.582959281784,722.5070850369265,728.6344738874736,726.8237144306668,725.0627706960154,722.508805925168,719.0665680664927
119,4.564732380182296E8,724.1798474227141,632.512480653229,1897.0229228663252,1041.1893293699904,722.5863086590384,728.7141061481315,726.9032110551428,725.1421354400297,722.587979432243,719.1453438017064
120,4.5663782750544685E8,724.259125171646,632.5541668579839,1898.0152458245038,1041.7956994581969,722.665532281118,728.7937384087543,726.9827076796864,725.221500184063,722.6671529393243,719.22411953695
121,4.568024169927085E8,724.3384029205661,632.5958530627273,1899.0075687826825,1042.4020695464033,722.744755903222,728.873370669407,727.0622043041865,725.300864928084,722.7463264463813,719.3028952721885
122,4.5687729941134554E8,724.4002360460897,632.6338131584026,1899.6711060648095,1042.8368239157662,722.8063034891597,728.9361101502891,727.124584611943,725.3628959319477,722.8078508241607,719.3636712690668
123,4.5694074831349117E8,724.4598457861788,632.6712983469257,1900.2927383275,1043.2497051910204,722.8655981951873,728.9966965803613,727.1847833782657,725.4227176828363,722.8671257514304,719.4221531289484
124,4.5700419721560067E8,724.5194555262261,632.7087835354914,1900.9143705901902,1043.6625864662747,722.9248929012147,729.057283010422,727.2449821445612,725.4825394337449,722.9264006786865,719.480634988796
125,4.57067646117759E8,724.5790652663447,632.746268724004,1901.5360028528803,1044.0754677415293,722.9841876072632,729.1178694405104,727.3051809108558,725.5423611846695,722.9856756059502,719.5391168486807
126,4.5713109501986736E8,724.6386750063995,632.7837539125364,1902.1576351155704,1044.4883490167836,723.0434823133028,729.1784558705757,727.3653796771679,725.6021829355988,723.0449505331916,719.5975987085989
127,4.5719454392201805E8,724.6982847464785,632.8212391010679,1902.779267378261,1044.9012302920378,723.102777019356,729.2390423006228,727.425578443467,725.6620046865015,723.1042254604378,719.6560805684696
128,4.5725799282416934E8,724.75789448658,632.8587242896134,1903.4008996409511,1045.314111567292,723.1620717254029,729.2996287306977,727.4857772097589,725.7218264374128,723.1635003877369,719.7145624283634
129,4.5732144172630787E8,724.8175042266716,632.8962094781289,1904.0225319036413,1045.7269928425467,723.2213664314295,729.3602151607834,727.5459759760649,725.7816481883428,723.222775314976,719.7730442882385
130,4.573848906283938E8,724.8771139667066,632.9336946666743,1904.6441641663314,1046.139874117801,723.2806611374773,729.4208015908922,727.6061747423787,725.8414699392474,723.282050242255,719.8315261481281
131,4.574483395305559E8,724.936723706821,632.9711798551784,1905.2657964290215,1046.5527553930551,723.3399558435184,729.4813880209317,727.6663735086931,725.9012916901662,723.3413251695099,719.8900080079823
132,4.5751178843269515E8,724.9963334469128,633.0086650437081,1905.8874286917116,1046.9656366683093,723.3992505495639,729.5419744510185,727.7265722749977,725.9611134411109,723.4006000967863,719.9484898679237
133,4.5757523733482957E8,725.0559431869872,633.0461502322615,1906.5090609544018,1047.378517943564,723.4585452555898,729.6025608810745,727.7867710412784,726.020935192009,723.4598750240347,720.0069717277753
134,4.5763868623692036E8,725.1155529270385,633.0836354208064,1907.130693217092,1047.7913992188182,723.5178399616096,729.663147311175,727.8469698075712,726.0807569429184,723.5191499512911,720.065453587658
135,4.577021351390905E8,725.1751626671473,633.1211206093119,1907.752325479782,1048.2042804940725,723.5771346676934,729.7237337412598,727.9071685738819,726.1405786938504,723.5784248785608,720.1239354475484
136,4.5776558404123247E8,725.2347724072057,633.1586057978685,1908.3739577424722,1048.6171617693267,723.6364293737283,729.7843201713044,727.9673673401965,726.2004004447477,723.6376998057899,720.1824173074234
137,4.5782903294337374E8,725.2943821473017,633.1960909864042,1908.9955900051627,1049.0300430445814,723.69572407976,729.84490660136,728.0275661064868,726.2602221956934,723.6969747330684,720.2408991673011
138,4.5789248184547126E8,725.35399188736,633.2335761749259,1909.6172222678529,1049.4429243198356,723.7550187858176,729.9054930313972,728.0877648727935,726.3200439466013,723.7562496603368,720.2993810272153
139,4.5795593074764687E8,725.4136016274452,633.2710613634459,1910.238854530543,1049.8558055950898,723.8143134918373,729.9660794614982,728.1479636391161,726.3798656975159,723.8155245875912,720.3578628870961
140,4.5801937964976114E8,725.4732113675177,633.3085465520014,1910.8604867932331,1050.268686870344,723.8736081978857,730.0266658915717,728.2081624054065,726.4396874484443,723.8747995148799,720.4163447469742
141,4.580828285518904E8,725.532821107621,633.346031740535,1911.4821190559237,1050.6815681455987,723.9329029039338,730.0872523216435,728.2683611717194,726.4995091993424,723.9340744421231,720.4748266068382
142,4.579783061755427E8,725.5897015985355,633.380364606337,1911.999917245486,1051.0067190090394,723.989322722602,730.1454533234613,728.3260350866743,726.556670515822,723.9904922998032,720.5302356428791
143,4.578523752033183E8,725.646234236031,633.4142956963136,1912.5044813766044,1051.3206882886097,724.0453761256475,730.2033502931386,728.3833871994474,726.6134927495633,724.0465460128039,720.5852530354988
144,4.577264442310392E8,725.7027668734966,633.4482267863011,1913.009045507722,1051.63465756818,724.1014295286755,730.2612472628127,728.4407393122204,726.6703149832631,724.102599725791,720.6402704281525
145,4.576005132587527E8,725.7592995109801,633.4821578762188,1913.5136096388405,1051.94862684775,724.1574829317466,730.319144232507,728.4980914250083,726.7271372169869,724.158653438763,720.6952878207827
146,4.574745822865023E8,725.8158321484385,633.5160889662465,1914.0181737699586,1052.2625961273202,724.2135363347693,730.3770412021744,728.555443537813,726.7839594507202,724.2147071517579,720.7503052134028
147,4.5734865131425035E8,725.8723647859123,633.5500200561955,1914.5227379010767,1052.5765654068905,724.2695897378107,730.4349381718272,728.6127956505477,726.8407816844514,724.2707608647884,720.8053226060402
148,4.572227203420008E8,725.9288974233914,633.5839511461746,1915.0273020321947,1052.8905346864603,724.3256431408828,730.492835141535,728.6701477633427,726.8976039181722,724.3268145777582,720.8603399986573
149,4.570967893696886E8,725.9854300608571,633.6178822361084,1915.5318661633128,1053.2045039660306,724.3816965439122,730.5507321111864,728.7274998761266,726.9544261518868,724.3828682907572,720.9153573912962
150,4.5697085839743143E8,726.0419626983444,633.65181332609,1916.0364302944308,1053.518473245601,724.4377499469704,730.6086290808931,728.7848519889152,727.0112483856005,724.4389220037301,720.9703747839036
151,4.568449274251497E8,726.0984953358233,633.685744416064,1916.540994425549,1053.8324425251708,724.4938033500096,730.666526050593,728.8422041016736,727.0680706193492,724.4949757167359,721.0253921765512
152,4.567189964528978E8,726.1550279732943,633.719675506022,1917.045558556667,1054.146411804741,724.5498567530215,730.724423020249,728.8995562144827,727.1248928530771,724.5510294297524,721.0804095691791
153,4.565930654806271E8,726.2115606107731,633.7536065959979,1917.550122687785,1054.4603810843114,724.605910156092,730.7823199899086,728.9569083272669,727.1817150868023,724.6070831427294,721.1354269618209
154,4.564671345083676E8,726.268093248255,633.7875376859405,1918.054686818903,1054.7743503638812,724.661963559147,730.8402169596146,729.0142604400459,727.2385373205373,724.6631368557114,721.1904443544696
155,4.563412035361253E8,726.324625885735,633.8214687759271,1918.5592509500211,1055.0883196434515,724.7180169621909,730.8981139292615,729.0716125527939,727.2953595542657,724.7191905687201,721.2454617470773
156,4.5621527256382143E8,726.3811585231956,633.8553998658733,1919.0638150811396,1055.4022889230218,724.7740703652206,730.9560108989486,729.1289646656074,727.3521817879657,724.7752442817372,721.3004791397354
157,4.5608934159157634E8,726.4376911606964,633.8893309558753,1919.5683792122572,1055.7162582025921,724.8301237683025,731.0139078686348,729.1863167784082,727.4090040217042,724.8312979947293,721.3554965323369
158,4.559634106192711E8,726.4942237981464,633.9232620458279,1920.0729433433758,1056.0302274821624,724.8861771713208,731.0718048382747,729.2436688911624,727.4658262554158,724.8873517077025,721.4105139249817
159,4.5583747964701396E8,726.5507564356237,633.9571931357954,1920.5775074744934,1056.3441967617323,724.9422305743751,731.1297018079715,729.3010210039446,727.5226484891556,724.9434054206974,721.4655313175867
160,4.557115486747747E8,726.6072890730954,633.9911242257735,1921.0820716056114,1056.6581660413026,724.9982839774219,731.187598777673,729.3583731167265,727.5794707228647,724.9994591336783,721.5205487102581
161,4.555856177025477E8,726.6638217105783,634.0250553157368,1921.58663573673,1056.972135320873,725.0543373804613,731.2454957473217,729.4157252295126,727.6362929566114,725.0555128466793,721.5755661028757
162,4.5576922061566824E8,726.6666142951251,634.0383449131759,1921.739731767464,1057.032321188109,725.0574577315397,731.2475767354969,729.4180969557531,727.6389474711862,725.0585775694688,721.5790293074408
163,4.5599227483225083E8,726.6625574999443,634.0490036717272,1921.8480318151278,1057.0601613675576,725.0538315582604,731.242543758681,729.4134612169236,727.6346980982578,725.0548886383094,721.5759217292463
164,4.562153290489158E8,726.658500704736,634.0596624302425,1921.9563318627916,1057.0880015470066,725.0502053849747,731.2375107818895,729.4088254780315,727.6304487253441,725.0511997071469,721.5728141510695
165,4.564383832655288E8,726.6544439095343,634.07032118879,1922.0646319104562,1057.115841726455,725.046579211679,731.2324778050574,729.4041897391406,727.6261993523984,725.0475107759931,721.5697065728781
166,4.56661437482114E8,726.6503871143444,634.0809799473361,1922.17293195812,1057.1436819059036,725.0429530383806,731.2274448282145,729.399554000278,727.6219499794572,725.0438218448742,721.5665989947174
167,4.568844916987896E8,726.6463303191002,634.091638705864,1922.2812320057842,1057.1715220853525,725.0393268650989,731.2224118514014,729.3949182613891,727.6177006065435,725.0401329137202,721.5634914164987
168,4.571075459153992E8,726.6422735239245,634.102297464406,1922.3895320534484,1057.199362264801,725.0357006918169,731.2173788745918,729.3902825225387,727.6134512336289,725.0364439826034,721.5603838383385
169,4.573306001319889E8,726.6382167287031,634.1129562229734,1922.4978321011122,1057.22720244425,725.0320745185395,731.2123458977713,729.3856467836421,727.609201860714,725.0327550514356,721.5572762601547
170,4.575536543486203E8,726.6341599335093,634.1236149814828,1922.6061321487764,1057.2550426236985,725.0284483452344,731.2073129209529,729.3810110447466,727.6049524877789,725.0290661203095,721.5541686819433
171,4.5777670856517905E8,726.630103138286,634.1342737400296,1922.7144321964406,1057.282882803147,725.0248221719439,731.2022799441185,729.3763753058993,727.6007031148708,725.02537718916,721.5510611037716
172,4.57999762781864E8,726.6260463430934,634.1449324985614,1922.8227322441044,1057.310722982596,725.0211959986403,731.1972469673038,729.3717395670021,727.5964537419266,725.0216882580197,721.547953525581
173,4.58222816998486E8,726.6219895478748,634.155591257121,1922.9310322917686,1057.3385631620445,725.0175698253969,731.1922139904833,729.367103828137,727.5922043690056,725.0179993268603,721.5448459474084
174,4.584458712151517E8,726.6179327526845,634.1662500156261,1923.0393323394328,1057.366403341493,725.0139436520822,731.1871810136893,729.3624680892898,727.5879549960689,725.0143103957078,721.5417383691769
175,4.586689254316798E8,726.6138759574694,634.1769087741909,1923.1476323870966,1057.394243520942,725.0103174787984,731.1821480368621,729.3578323503782,727.5837056231359,725.01062146457,721.5386307910301
176,4.5889197964830804E8,726.609819162238,634.1875675327194,1923.2559324347612,1057.4220837003904,725.0066913055126,731.1771150600259,729.3531966115299,727.5794562502147,725.0069325334239,721.5355232128521
177,4.5911503386496645E8,726.605762367069,634.198226291282,1923.364232482425,1057.449923879839,725.0030651322074,731.1720820832325,729.3485608726162,727.5752068772724,725.0032436022974,721.5324156346404
178,4.5933808808157945E8,726.6017055718544,634.2088850498104,1923.4725325300888,1057.477764059288,724.9994389589559,731.167049106374,729.3439251337211,727.5709575043566,724.9995546711133,721.5293080564539
179,4.595611422981747E8,726.5976487766281,634.2195438083196,1923.5808325777534,1057.5056042387364,724.9958127856507,731.1620161295826,729.3392893948662,727.5667081314352,724.9958657400106,721.5262004782809
180,4.597841965147646E8,726.5935919814336,634.2302025668826,1923.6891326254172,1057.5334444181854,724.9921866123942,731.1569831527469,729.334653656016,727.5624587585245,724.992176808845,721.5230929000884
181,4.60007250731401E8,726.5895351862209,634.2408613254079,1923.797432673081,1057.5612845976339,724.9885604390884,731.1519501759753,729.3300179171484,727.5582093856067,724.9884878777202,721.5199853219143
182,4.59999826977568E8,726.6128602908805,634.2502048127079,1924.003374474708,1057.5763623436892,725.0115475006576,731.1761609412195,729.3538727268806,727.5817179962312,725.0114943306727,721.5423682496437
183,4.599630279055363E8,726.639675325717,634.2593806635205,1924.2217610995003,1057.5898134677282,725.0379265230346,731.2040989357916,729.3813587684378,727.6087644703313,725.0379032146676,721.5680000419012
184,4.599262288334123E8,726.666490360499,634.2685565143169,1924.4401477242918,1057.6032645917671,725.0643055454125,731.2320369302745,729.4088448099943,727.6358109444725,725.0643120986665,721.5936318341907
185,4.598894297613992E8,726.6933053953038,634.2777323651194,1924.6585343490838,1057.616715715806,725.0906845678234,731.2599749248635,729.4363308515505,727.6628574185694,725.0907209826402,721.6192636264553
186,4.598526306893871E8,726.7201204301323,634.2869082159365,1924.8769209738757,1057.630166839845,725.1170635901929,731.2879129193626,729.4638168931168,727.689903892717,725.117129866645,721.6448954187913
187,4.598158316173423E8,726.7469354649418,634.2960840667371,1925.0953075986672,1057.643617963884,725.1434426126009,731.3158509139345,729.4913029346147,727.7169503668256,725.1435387506397,721.670527211029
188,4.597790325453012E8,726.773750499734,634.3052599175479,1925.3136942234596,1057.657069087923,725.169821634974,731.3437889084485,729.5187889762033,727.7439968409502,725.1699476346345,721.6961590033311
189,4.5974223347325844E8,726.8005655345856,634.3144357683708,1925.5320808482516,1057.670520211962,725.1962006573482,731.3717269029642,729.5462750177477,727.7710433150489,725.1963565186236,721.7217907956048
190,4.59705434401248E8,726.8273805693849,634.323611619154,1925.750467473043,1057.6839713360005,725.2225796797476,731.3996648975051,729.5737610592923,727.7980897891899,725.2227654026476,721.7474225879143
191,4.596686353291892E8,726.8541956041917,634.3327874699546,1925.968854097835,1057.6974224600394,725.2489587021325,731.4276028920492,729.6012471008263,727.8251362633039,725.249174286632,721.7730543802315
192,4.5963183625719297E8,726.8810106389848,634.3419633207989,1926.187240722627,1057.7108735840784,725.2753377245072,731.455540886555,729.6287331424,727.8521827374104,725.2755831706404,721.7986861725055
193,4.59595037185122E8,726.9078256737984,634.3511391715949,1926.4056273474189,1057.7243247081174,725.3017167468811,731.4834788811078,729.6562191839478,727.8792292115687,725.3019920546297,721.824317964813
194,4.5955823811307794E8,726.9346407086325,634.3603150223844,1926.6240139722108,1057.7377758321563,725.3280957692958,731.5114168756286,729.6837052255049,727.9062756856667,725.3284009386272,721.8499497571127
195,4.5952143904103595E8,726.9614557434179,634.3694908732164,1926.8424005970023,1057.7512269561953,725.3544747916766,731.5393548701782,729.711191267059,727.9333221598154,725.3548098226154,721.8755815493638
196,4.59484639969044E8,726.9882707782496,634.3786667240305,1927.0607872217943,1057.7646780802343,725.3808538140468,731.56729286473,729.7386773085796,727.9603686339142,725.3812187066171,721.9012133416633
197,4.5944784089696485E8,727.0150858130727,634.3878425748171,1927.2791738465862,1057.7781292042732,725.4072328364372,731.5952308592239,729.7661633501366,727.9874151080352,725.407627590609,721.9268451339475
198,4.5941104182492006E8,727.0419008478747,634.3970184256252,1927.4975604713782,1057.7915803283117,725.43361185882,731.623168853777,729.7936493917018,728.0144615821737,725.434036474603,721.9524769262667
199,4.593742427529005E8,727.0687158827021,634.4061942764519,1927.71594709617,1057.8050314523507,725.4599908812245,731.6511068483152,729.8211354332216,728.0415080562761,725.4604453586015,721.9781087185675
200,4.593374436808437E8,727.0955309175043,634.41537012728,1927.934333720962,1057.8184825763901,725.4863699036074,731.679044842854,729.8486214748127,728.068554530402,725.4868542425982,722.0037405108474
