% Model,multiscale_OC.mph
% Version,COMSOL 5.3.1.180
% Date,"Feb 14 2018, 16:22"
% Table,Table 1 - 
% Time (s),"Temperature (W), Probe Pint","Temperature (degC), average_fuel_temp_probe","Temperature (degC), average_flibe_temp_probe","Temperature (degC), max fuel temp","Temperature (degC), max flibe temp","Temperature (degC), Tp11","Temperature (degC), Tp12","Temperature (degC), Tp13","Temperature (degC), Tp14","Temperature (degC), Tp21","Temperature (degC), Tp22","Temperature (degC), Tp23","Temperature (degC), Tp24","Temperature (degC), Tp31","Temperature (degC), Tp32","Temperature (degC), Tp33","Temperature (degC), Tp34","Temperature (degC), Tp4"
0,1.0000003349701665E7,732.2228322724418,683.3499123459871,790.8721126677252,707.5019821141836,758.4333879022112,757.8039541571233,757.1918367963448,734.0352411504003,741.4583990429421,740.8289652978535,740.2168479370758,717.0602522911328,724.950409983707,724.3209762386172,723.7088588778394,700.5522632318955,698.33542663461
1,1.0000828058119278E7,732.2243504256254,683.3499144453306,790.8752643737201,707.5019823722962,758.4356115874597,757.8061274365931,757.193961045,734.0355101508982,741.460594596599,740.8311103298738,740.218943825395,717.0604887494673,724.9524953736723,724.3230106832084,723.7108437662272,700.5523728932184,698.3354850955251
2,1.0000912183145298E7,732.22478344475,683.3499235074867,790.8761822073342,707.501984791064,758.4362592318099,757.8067680776936,757.1945948957194,734.0358878788684,741.4611535342514,740.8316621579327,740.2194887597137,717.0607735819173,724.9528920613633,724.3234002389712,723.7112264069697,700.552494698598,698.335583257933
3,1.0000997688907346E7,732.2251628633421,683.3499371470438,790.8770025743937,707.5019893246241,758.4368377435497,757.8073418121397,757.195163979229,734.036280807275,741.4616203738259,740.8321241555433,740.2199460435675,717.0610523044786,724.9532040331559,724.3237074081119,723.7115289006954,700.552620177248,698.3356894846361
4,1.0001071785304507E7,732.2255272626966,683.3499608680485,790.8777947399891,707.5020030990827,758.4373962651351,757.8078959853593,757.1957139206555,734.0366705371273,741.4620553200045,740.8325547311758,740.2203723658703,717.0613175960193,724.9535029304628,724.3240019638082,723.7118192312089,700.5527505686301,698.3358029995927
5,1.0001143029360447E7,732.2258879072394,683.3499871094137,790.8785798552188,707.5020191837662,758.4379497891811,757.8084452682723,757.1962590765623,734.037059467343,741.4624822928342,740.8329774513135,740.2207909477868,717.0615795298036,724.9537985591488,724.3242933661446,723.7121065209192,700.5528821881965,698.3359183366147
6,1.0001214273416407E7,732.2262485517839,683.3500133507791,790.8793649704484,707.5020352684495,758.4385033132295,757.808994551185,757.1968042324694,734.0374483975583,741.4629092656644,740.833400171452,740.2212095297035,717.0618414635906,724.9540941878332,724.3245847684813,723.7123938106296,700.5530138077628,698.3360336736351
7,9995385.811843581,732.1587316865426,682.9322044251733,790.845326585901,707.502604444996,758.3833820590884,757.7542189287875,757.1423647980906,733.9957293780257,741.3937651182193,740.7645962691033,740.1527365759138,717.0058909624099,724.8674631022119,724.2382872129939,723.6264206721917,700.4793157597406,698.2593410882814
8,9985624.213184962,732.0459631481118,682.235838721589,790.7880725348358,707.503542349451,758.291144286156,757.6625600361807,757.0512689701899,733.9259383919942,741.2782402239259,740.6496412850944,740.0383359316523,716.9124655045849,724.7228808737215,724.0942636856216,723.4829405816531,700.3563979333295,698.1314432213438
9,9975862.614526298,731.9331946096798,681.5394730180036,790.7308184837706,707.5044802539062,758.1989065132244,757.5709011435757,756.96017314229,733.8561474059638,741.1627153296333,740.5346863010867,739.9239352873908,716.8190400467615,724.5782986452309,723.9502401582489,723.3394604911169,700.233480106917,698.0035453544058
10,9966101.015867664,731.8204260712496,680.8431073144184,790.6735644327053,707.5054181583612,758.1066687402923,757.479242250968,756.8690773143877,733.7863564199324,741.0471904353392,740.4197313170775,739.8095346431289,716.7256145889369,724.4337164167395,723.8062166308767,723.1959804005788,700.1105622805056,697.8756474874684
11,9956339.417209014,731.7076575328172,680.146741610833,790.6163103816401,707.5063560628164,758.0144309673607,757.3875833583617,756.7779814864874,733.7165654339004,740.931665541048,740.3047763330682,739.6951339988681,716.6321891311121,724.2891341882489,723.662193103505,723.0525003100408,699.9876444540931,697.7477496205303
12,9946577.818550369,731.5948889943869,679.4503759072488,790.5590563305747,707.5072939672714,757.9221931944295,757.2959244657562,756.6868856585864,733.64677444787,740.8161406467542,740.1898213490595,739.5807333546073,716.5387636732881,724.1445519597586,723.5181695761328,722.9090202195047,699.8647266276806,697.619851753593
13,9934442.105189022,731.4038122070676,678.4523667677712,790.4803331925096,707.5090391006056,757.7712463261242,757.1456904910891,756.5373450783615,733.5234693176365,740.6236386254301,739.9980179655727,739.3896094996023,716.3733509513476,723.9014480236556,723.2757469607935,722.6672602891535,699.6480402445537,697.3946949185566
14,9912809.933016863,730.8995024242,676.2477838847251,790.315733706445,707.5140131494568,757.3854630763204,756.761156188176,756.1540254888445,733.1861076105915,740.1232280959832,739.4988209841713,738.8915928016318,715.919989172938,723.2642572571102,722.6397279935909,722.0323809995489,699.0562796345644,696.7805022111254
15,9891177.760844713,730.3951926413331,674.0432010016776,790.1511342203804,707.5189871983082,756.999679826518,756.376621885264,755.7707058993284,732.8487459035489,739.6228175665377,738.9996240027697,738.3935761036606,715.4666273945307,722.6270664905651,722.0037090263895,721.397501709945,698.4645190245765,696.1663095036969
16,9869545.588672556,729.8908828584661,671.8386181186316,789.9865347343156,707.5239612471594,756.6138965767155,755.9920875823528,755.3873863098098,732.5113841965032,739.1224070370904,738.5004270213684,737.8955594056893,715.0132656161225,721.9898757240184,721.3676900591873,720.7626224203402,697.8727584145876,695.5521167962661
17,9847913.416500386,729.3865730755983,669.6340352355837,789.821935248251,707.5289352960108,756.2281133269133,755.6075532794406,755.0040667202933,732.1740224894588,738.6219965076434,738.0012300399677,737.3975427077179,714.5599038377137,721.3526849574732,720.7316710919846,720.1277431307356,697.2809978045985,694.9379240888368
18,9826281.24432823,728.8822632927292,667.4294523525377,789.6573357621863,707.533909344862,755.8423300771102,755.2230189765288,754.6207471307765,731.8366607824136,738.1215859781977,737.5020330585656,736.8995260097468,714.106542059305,720.7154941909275,720.0956521247824,719.4928638411304,696.6892371946093,694.3237313814077
19,9804649.072156072,728.3779535098632,665.2248694694916,789.4927362761217,707.5388833937134,755.4565468273071,754.8384846736168,754.2374275412595,731.4992990753688,737.6211754487504,737.0028360771637,736.4015093117761,713.6531802808965,720.0783034243827,719.45963315758,718.857984551527,696.0974765846213,693.7095386739772
20,9806077.298798831,727.5592731877537,663.0361342456616,789.3679763702529,707.5467189916452,754.8692123820412,754.2509484201372,753.6496947413469,730.9041201678648,736.8341185897084,736.2155323587058,735.6139652320002,712.8565314953954,719.0648068055102,718.4458413285387,717.8439053378347,695.0725148799905,692.6493597017245
21,9813270.625145337,726.6620002308334,660.8513609366365,789.253176359433,707.5552699768475,754.2314901379074,753.612661679014,753.0108586388363,730.244486960245,735.9754001482669,735.3562019559837,734.7540393067723,711.9740609581214,717.9572337235575,717.3376062840395,716.7350261431203,693.9392529016993,691.4776841632665
22,9820463.951491846,725.7647272739123,658.6665876276106,789.1383763486127,707.5638209620496,753.5937678937752,752.974374937893,752.3720225363255,729.5848537526251,735.116681706825,734.4968715532606,733.8941133815449,711.0915904208464,716.849660641605,716.2293712395401,715.6261469484051,692.8059909234087,690.3060086248072
23,9827657.277838357,724.8674543169908,656.481814318586,789.0235763377929,707.5723719472518,752.9560456496421,752.3360881967709,751.7331864338145,728.9252205450055,734.257963265384,733.6375411505387,733.0341874563175,710.2091198835727,715.7420875596516,715.1211361950407,714.5172677536907,691.6727289451172,689.1343330863485
24,9834850.604184853,723.9701813600714,654.2970410095613,788.9087763269728,707.5809229324541,752.3183234055094,751.6978014556479,751.094350331305,728.2655873373863,733.3992448239436,732.778210747816,732.1742615310908,709.3266493462974,714.6345144777008,714.0129011505405,713.4083885589773,690.5394669668269,687.9626575478898
25,9854571.808640989,723.0009606845189,652.1601901554425,788.8132185864464,707.5859197739992,751.6360317872626,751.0141649361439,750.4094054452517,727.5311294619817,732.4784843456852,731.8560619853897,731.2507622116327,708.3520405695618,713.4508250292988,712.8277796501833,712.2218739380697,689.3002337908575,686.6836957474391
26,9911806.523867596,721.816299573312,650.1668384248468,788.7752799500962,707.5802740785408,750.820281519334,750.1947329223949,749.5863922979266,726.5726164068976,731.3719450311357,730.7458097634021,730.1368985552692,707.1015328091237,712.0392125353876,711.4124291465844,710.8028875952012,687.7436801851447,685.0834756852498
27,9969041.239094233,720.6316384621043,648.1734866942498,788.8427287113874,707.5746283830824,750.0045312514063,749.3753009086444,748.7633791506015,725.6141033518151,730.2654057165867,729.6355575414149,729.0230348989065,705.8510250486864,710.6276000414757,709.9970786429851,709.3839012523337,686.187126579433,683.4832556230613
28,1.0026275954320861E7,719.4469773508958,646.1801349636537,789.0307425112975,707.5689826876242,749.188780983479,748.5558688948939,747.9403660032776,724.6555902967315,729.1588664020376,728.5253053194278,727.9091712425438,704.6005172882482,709.2159875475649,708.5817281393851,707.9649149094668,684.6305729737222,681.8830355608728
29,1.008351066954747E7,718.2623162396875,644.1867832330571,789.2187563112074,707.5633369921658,748.3730307155512,747.7364368811426,747.117352855952,723.6970772416479,728.0523270874885,727.4150530974395,726.7953075861798,703.3500095278104,707.804375053653,707.1663776357852,706.5459285665979,683.0740193680107,680.2828154986842
30,1.0140745384774106E7,717.0776551284804,642.1934315024605,789.4067701111175,707.5576912967076,747.5572804476233,746.9170048673935,746.2943397086273,722.7385641865645,726.94578777294,726.3048008754538,725.6814439298165,702.0995017673722,706.3927625597408,705.7510271321861,705.1269422237299,681.5174657622994,678.6825954364955
31,1.0237685102725841E7,715.8228951932975,640.328745523712,789.7247764326252,707.5034812658155,746.711368850333,746.064954524883,745.4363187679455,721.6546458272647,725.796206705332,725.1490659471311,724.5197237082253,700.7113282686577,704.937055944985,704.2891586332372,703.6590806336602,679.8228553206025,676.9458743806073
32,1.0351584532631995E7,714.5381930397195,638.5190182136424,790.0983081431576,707.4285273214699,745.8525740538731,745.1989714932323,744.5633444951711,720.5171614765,724.6282406563945,723.9739034014962,723.3375618922328,699.2643518205186,703.4625148374181,702.8074203005738,702.1703423263666,678.0692748748504,675.1508478877278
33,1.0465483962538127E7,713.2534908861425,636.7092909035729,790.4718398536901,707.3535733771243,744.9937792574123,744.3329884615821,743.6903702223972,719.3796771257347,723.4602746074554,722.7987408558625,722.155400076239,697.8173753723808,701.9879737298498,701.3256819679099,700.6816040190741,676.3156944290978,673.3558213948478
34,1.0579383392444259E7,711.9687887325649,634.8995635935051,790.8453715642223,707.2786194327788,744.1349844609528,743.4670054299313,742.8173959496224,718.2421927749702,722.2923085585168,721.6235783102271,720.9732382602475,696.3703989242425,700.5134326222827,699.843943635246,699.1928657117793,674.5621139833459,671.5607949019684
35,1.0693282822350381E7,710.6840865789868,633.0898362834347,791.2189032747546,707.2036654884332,743.2761896644919,742.6010223982822,741.9444216768474,717.1047084242045,721.1243425095769,720.4484157645925,719.791076444255,694.923422476104,699.038891514715,698.3622053025821,697.7041274044865,672.8085335375944,669.7657684090888
36,1.0810455951045565E7,709.406985644725,631.2924742457539,791.5978859562614,707.1171597018456,742.4267902325722,741.7442327166692,741.0804442987926,715.9687891104961,719.966314675948,719.2829899821562,718.6184554829312,693.4785757491345,697.5752186209136,696.8911340830548,696.2258606434887,671.0580264788663,667.9739813064025
37,1.095040422983749E7,708.1827664573833,629.5811375124147,792.0147910888285,706.9502876513112,741.6427544310322,740.9514012488343,740.2790583932185,714.8437577727835,718.8774270900781,718.1853029434435,717.5122103280398,692.0485455103116,696.1871559819871,695.494274059617,694.8204445184208,669.3289009995942,666.2047306686178
38,1.1097956067619335E7,706.9762020156945,627.8985206107052,792.4443567567797,706.7565850584477,740.8805404931143,740.1799224416549,739.498568857208,713.7223614217746,717.811622204,717.1102307077782,716.4281249550845,690.6234618049313,694.8243360760708,694.1221896888003,693.4393498184767,667.6069138311565,664.443003903984
39,1.1253111464391185E7,705.7872923196609,626.244623540629,792.8865829601153,706.5360519232554,740.1401484188175,739.4297962951279,738.7389756907594,712.6046000574703,716.7689000177154,716.0577732751589,715.3661993640657,689.2033246329951,693.4867589031655,692.774880970604,692.082576543655,665.8920649735536,662.6888010125028
40,1.1415870420152938E7,704.6160373692804,624.6194463021849,793.3414696988351,706.2886882457343,739.4215782081455,738.7010228092541,738.0002788938754,711.4904736798676,715.7492605312227,715.0279306455888,714.3264335549832,687.7881339945029,692.1744244632713,691.4523479050285,690.7501246939584,664.1843544267842,660.9421219941693
41,1.1586232934904672E7,703.4624371645554,623.022988895372,793.809016972939,706.0144940258839,738.7248298610939,737.9936019840361,737.2824784665521,710.3799822889698,714.7527037445225,714.0207028190633,713.3088275278376,686.3778898894556,690.8873327563881,690.1545904920758,689.4419942693822,662.4837821908493,659.2029668489866
42,1.1764199008646345E7,702.3264917054835,621.4552513201926,794.2892247824274,705.7134692637045,738.0499033776655,737.3075338194697,736.5855744087933,709.2731258847771,713.7792296576158,713.0360897955868,712.313381282627,684.9725923178514,689.625483782516,688.8816087317429,688.1581852699325,660.790348265749,657.4713355769554
43,1.1949768641377972E7,701.2082009920657,619.9162335766443,794.7820931272998,705.3856139591965,737.396798757859,736.6428183155572,735.9095667205968,708.1699044672872,712.8288382705009,712.0740915751559,711.3400948193531,683.5722412796907,688.3888775416552,687.6334026240295,686.8986976956049,659.1040526514846,655.7472281780748
44,1.2142941833099546E7,700.1075650243015,618.4059356647285,795.2876220075565,705.0309281123592,736.7655160016745,735.9994554723003,735.2544554019638,707.0703180365,711.9015295831801,711.1347081577728,710.388968138016,682.1768367749726,687.1775140338037,686.4099721689382,685.6635315463997,657.4248953480533,654.0306446523444
45,1.2343718583811086E7,699.024583802192,616.9243575844449,795.8058114231975,704.649411723193,736.1560551091122,735.3774452896957,734.6202404528931,705.9743665924175,710.9973035956509,710.2179395434382,709.4600012386144,680.7863788036988,685.9913932589645,685.2113173664673,684.4526868223189,655.7528763554573,652.3215849997648
46,1.2552098893512573E7,697.9592573257363,615.4714993357927,796.3366613742229,704.2410647916977,735.5684160801737,734.7767877677461,734.0069218733859,704.8820501350366,710.1161603079165,709.3237857321488,708.5531941211501,679.4008673658693,684.830515217137,684.0374382166184,683.2661635233605,654.0879956736952,650.6200492203351
47,1.2767774094011612E7,696.9175410369237,614.050172248425,796.8774123039533,703.8005613947626,735.0081307812824,734.2030334570208,733.4200683910744,703.7996252546518,709.263875933559,708.4580413742065,707.6743593723728,678.0267937849231,683.7007169542895,682.8941899850867,682.1098346406761,652.436797014988,648.93256653588
48,1.2984834552613255E7,696.0134553484846,612.7142008693087,797.3752308891793,703.2259336259913,734.5811100238067,733.7624508877161,732.9662965466603,702.8468780239657,708.5510394529531,707.7316484315721,706.9347823581031,676.7884382367132,682.7137521222938,681.8936751510297,681.0961420175432,650.9245635689994,647.3841427089488
49,1.320842882101989E7,695.1476641391456,611.4166925272368,797.8761462336025,702.6060173005967,734.1950828805476,733.3624574831658,732.5527205720294,701.9194492009783,707.8813042549737,707.0479527707986,706.2375097668213,675.5775261559662,681.7722594325053,680.9382285227668,680.127124803684,649.4421469313015,645.8658710333531
50,1.3438556899231557E7,694.3201674089057,610.1576472222081,798.3801583372227,701.9408124185785,733.8500493515056,733.00305324337,732.1793404671869,701.0173387856886,707.2546703396199,706.4069543918852,705.5825415985261,674.394057542684,680.8762388849271,680.027850100302,679.2027829990975,647.9895471018908,644.3777515090941
51,1.3675218787248155E7,693.5309651577664,608.9370649542232,798.8872672000401,701.230318979937,733.5460094366831,732.6842381683274,731.8461562321294,700.1405467780961,706.6711377068917,705.8086532948306,704.9698778532191,673.2380323968653,680.0256904795575,679.162539883632,678.3231166037851,646.5667640807699,642.9197841361718
52,1.3918414485069793E7,692.7800573857261,607.7549457232815,799.397472822055,700.4745369846722,733.2829631360765,732.4060122580397,731.5531678668568,699.2890731782029,706.1307063567895,705.2530494796378,704.3995185308996,672.1094507185126,679.2206142163993,678.3422978727586,677.4881256177441,645.1737978679375,641.4919689145873
53,1.4168143992696417E7,692.0674440927867,606.6112895293829,799.9107752032668,699.6734664327838,733.0609104496874,732.1683755125053,731.3003753713722,698.462917986007,705.633376289312,704.7401429463031,703.8714636315675,671.0083125076225,678.4610100954502,677.5671240676814,676.6978100409762,643.8106484633946,640.0943058443386
54,1.4424407310128044E7,691.3931252789448,605.5060963725292,800.4271743436758,698.827107324272,732.8798513775154,731.9713279317251,731.0877787456725,697.6620812015082,705.17914750446,704.2699336948286,703.3857131552226,669.9346177641985,677.7468781167117,676.8370184683992,675.9521698734821,642.4773158671405,638.7267949254278
55,1.4687204437364671E7,690.7571009442057,604.4393662527181,800.9466702432818,697.9354596591369,732.7397859195614,731.8148695156972,730.9153779897587,696.8865628247086,704.7680200022356,703.8424217252149,702.9422671018647,668.8883664882364,677.0782182801815,676.1519810749138,675.2512051152611,641.173800079176,637.3894361578526
56,1.4956535374406282E7,690.1593710885652,603.4110991699498,801.4692629020855,696.9985234373781,732.6407140758249,731.699000264424,730.7831731036297,696.1363628556069,704.3999937826355,703.4576070374611,702.5411254714943,667.8695586797412,676.4550305858604,675.5120118872245,674.5949157663131,639.9001010995006,636.0822295416157
57,1.5232400121252887E7,689.5999357120235,602.4212951242247,801.9949523200859,696.0162986589963,732.5826358463052,731.6237201779056,730.691164087288,695.4114812942034,704.0750688456608,703.1154896315666,702.182288264112,666.8781943387087,675.8773150337497,674.9171109053315,673.9833018266374,638.6562189281134,634.805175076715
58,1.5514798677904489E7,689.0787948145814,601.4699541155444,802.5237384972837,694.9887853239909,732.5655512310036,731.5890292561393,730.6393509407345,694.711918140498,703.7932451913122,702.8160695075322,701.8657554797177,665.9142734651418,675.3450716238492,674.3672781292348,673.4163632962358,637.4421535650157,633.5582727631498
59,1.5766350322566038E7,688.638196618636,600.5790302560561,802.9661179846681,693.8898363691158,732.5970592598942,731.6048255315158,730.6398676345709,694.134400572621,703.5678776026829,702.5749985675992,701.6094131289306,665.0802062348951,674.8759036011415,673.8824144989096,672.9162357853336,636.3645858414636,632.4487677827068
60,1.601621147322359E7,688.2451881266984,599.7313996583779,803.3919021674996,692.7398461224766,732.6712328003865,731.6633886830856,730.6832498486402,693.6034828019234,703.3885495436742,702.3800685562237,701.3993103842462,664.296114203949,674.4560806911968,673.446997571332,672.4656538406948,635.3403062644924,631.3930104572357
61,1.626609338577274E7,687.897835253067,598.9260572829585,803.8051884333469,691.5400115731627,732.787723975716,731.7642655878087,730.768942100662,693.1147367449962,703.2546496443002,702.2305629433698,701.2346284401514,663.5573091263649,674.084797033258,673.0601162993325,672.0636041139483,634.3644310813916,630.3860911985641
62,1.651599606021353E7,687.5961379977394,598.1630031297973,804.2059767822099,690.290332721174,732.9465327858784,731.9074562456863,730.8969443906316,692.668162401844,703.1661779045626,702.1264817290388,701.1153672966451,662.8637910021426,673.7620526273257,672.7217706829075,671.7100866050943,633.4369602921572,629.428010006695
63,1.676591949654591E7,687.3400963607174,597.4422371988934,804.5942672140887,688.9908095665104,733.1476592308748,732.0929606567166,731.0672567185501,692.263759772462,703.1231343244618,702.0678249132291,701.0415269537315,662.2155598312801,673.4878474733985,672.4319607220609,671.4051013141304,632.5578938967936,628.5187668816252
64,1.7015863694769926E7,687.1297103419987,596.7637594902473,804.9700597289838,687.641442109172,733.3911033107038,732.3207788209024,731.2798790844176,691.901528856853,703.1255189039945,702.0545924959398,701.0131074114048,661.6126156137793,673.2621815714783,672.1906864167909,671.1486482410596,631.7272318952994,627.6583618233559
65,1.7265828654885598E7,686.9649799415854,596.1275700038605,805.3333543268942,686.2422303491587,733.6768650253676,732.5909107382413,731.5348114882358,691.5814696550168,703.1733316431641,702.0867844771727,701.030108669667,661.0549583496406,673.0850549215633,671.9979477670965,670.9407273858827,630.9449742876737,626.8467948318871
66,1.7515814376892846E7,686.8459051594765,595.533668739732,805.6841510078208,684.7931742864707,734.0049443748649,732.9033564087324,731.8320539300037,691.3035821669537,703.2665725419683,702.1644008569257,701.0925307285203,660.542588038863,672.9564675236542,671.8537447729801,670.7813387485958,630.2111210739179,626.084065907219
67,1.7765820860791754E7,686.7724859956735,594.9820556978608,806.0224497717633,683.2942739211077,734.3753413591961,733.2581158323799,732.1716064097193,691.0678663926622,703.4052416004087,702.2874416352016,701.2003735879626,660.0755046814462,672.8764193777517,671.7580774344392,670.6704823292016,629.5256722540305,625.3701750493506
68,1.8015848106582236E7,686.7447224501744,594.4727308782489,806.3482506187216,681.7455292530699,734.788055978361,733.6551890091813,732.5534689273854,690.8743223321434,703.5893388184844,702.4559068119992,701.3536372479939,659.6537082773923,672.8449104838547,671.7109457514749,670.6081581276998,628.8886278280128,624.7051222582844
69,1.8265896114264395E7,686.7626145229806,594.0056942808947,806.6615535486957,680.1469402823576,735.2430882323582,734.0945759391344,732.9776414829994,690.7229499853971,703.8188641961974,702.6697963873172,701.5523217086152,659.2771988266979,672.8619408419627,671.7123497240872,670.5943661440897,628.2999877958632,624.0889075340172
70,1.8430208359817047E7,686.9729785251942,593.8308111388062,806.8962810450317,678.6193208917956,735.7629140664003,734.6040810777655,733.4771105211745,690.842774823884,704.1683250234704,703.0089498309366,701.881451997809,659.2271744414501,673.0552416844066,671.895356754069,670.7673632180677,628.094329493434,623.8636478946556
71,1.8579761479241014E7,687.2119651541215,593.7020404433244,807.1187174549858,677.1088365771141,736.2897156323244,735.1214788212332,733.9853638297241,691.0051165570086,704.5339457475516,703.3651806847778,702.2285519857016,659.2288757821818,673.274091903471,672.104831372885,670.9677208489052,627.949813590359,623.7008602474494
72,1.872931459866496E7,687.4509517830477,593.5732697478429,807.3411538649399,675.5983522624325,736.81651719825,735.6388765646997,734.493617138273,691.1674582901331,704.8995664716319,703.7214115386201,702.5756519735942,659.2305771229154,673.4929421225352,672.3143059916989,671.1680784797417,627.805297687284,623.538072600241
73,1.8878867718088966E7,687.6899384119737,593.4444990523591,807.5635902748942,674.087867947751,737.3433187641755,736.1562743081685,735.0018704468214,691.3298000232578,705.265187195712,704.077642392463,702.9227519614859,659.2322784636488,673.7117923416016,672.5237806105143,671.3684361105798,627.6607817842091,623.3752849530346
74,1.902842083751291E7,687.9289250409016,593.315728356878,807.786026684848,672.5773836330694,737.8701203300994,736.6736720516362,735.5101237553705,691.4921417563829,705.6308079197925,704.4338732463058,703.2698519493792,659.2339798043811,673.9306425606657,672.73325522933,671.568793741416,627.5162658811341,623.2124973058268
75,1.917797395693692E7,688.1679116698291,593.1869576613963,808.0084630948023,671.0668993183876,738.3969218960256,737.1910697951047,736.0183770639212,691.6544834895086,705.9964286438725,704.7901041001481,703.6169519372721,659.2356811451136,674.149492779731,672.9427298481443,671.7691513722538,627.3717499780599,623.0497096586201
76,1.9327527076360878E7,688.4068982987553,593.0581869659137,808.2308995047564,669.5564150037061,738.923723461949,737.7084675385737,736.5266303724699,691.8168252226335,706.3620493679542,705.1463349539902,703.9640519251644,659.237382485847,674.3683429987959,673.1522044669593,671.9695090030909,627.227234074985,622.8869220114105
77,1.9477080195784856E7,688.645884927683,592.9294162704317,808.4533359147105,668.0459306890244,739.450525027875,738.2258652820406,737.0348836810203,691.9791669557582,706.7276700920338,705.502565807833,704.311151913057,659.239083826579,674.5871932178601,673.3616790857744,672.1698666339281,627.0827181719106,622.7241343642044
78,1.9626633315208834E7,688.88487155661,592.8006455749497,808.6757723246648,666.5354463743429,739.9773265937991,738.7432630255083,737.5431369895696,692.1415086888826,707.0932908161137,705.8587966616758,704.6582519009495,659.2407851673123,674.8060434369253,673.5711537045898,672.370224264765,626.9382022688359,622.5613467169967
79,1.9776186434632793E7,689.123858185537,592.6718748794676,808.8982087346188,665.0249620596611,740.5041281597242,739.2606607689762,738.0513902981194,692.3038504220065,707.4589115401945,706.2150275155182,705.0053518888424,659.2424865080457,675.0248936559908,673.7806283234052,672.5705818956017,626.7936863657611,622.3985590697897
80,1.992573955405677E7,689.3628448144634,592.5431041839855,809.1206451445729,663.5144777449796,741.0309297256489,739.7780585124444,738.5596436066681,692.4661921551314,707.8245322642758,706.5712583693615,705.3524518767352,659.2441878487787,675.2437438750557,673.9901029422194,672.7709395264388,626.6491704626858,622.2357714225826
81,2.0033688712952472E7,689.6394120949577,592.5146105313333,809.370734702199,662.25133367243,741.5287965777338,740.2691231174477,739.0440936606134,692.7004321627558,708.1927567206104,706.9326937649911,705.7072855449469,659.3492965682561,675.4953207163765,674.2349035489989,673.0091508791943,626.6381290230563,622.2103749494668
82,2.0128053450694434E7,689.9282501158236,592.5188590879455,809.6298534964518,661.068950517224,742.0172157394132,740.7515894919314,739.5207715353916,692.9581482151748,708.5618313410905,707.2958285345917,706.0646443951167,659.4881696064538,675.7575833725581,674.4912387090302,673.2597221345704,626.670669331454,622.2298390989433
83,2.022241818843646E7,690.2170881366922,592.523107644558,809.8889722907044,659.8865673620179,742.5056349010903,741.2340558664134,739.9974494101673,693.2158642675935,708.9309059615707,707.6589633041923,706.4220032452865,659.6270426446521,676.0198460287404,674.7475738690608,673.5102933899462,626.7032096398532,622.2493032484227
84,2.0316782926178418E7,690.5059261575583,592.5273562011704,810.148091084957,658.7041842068118,742.9940540627694,741.7165222408968,740.4741272849443,693.4735803200128,709.2999805820499,708.0220980737921,706.7793620954569,659.7659156828504,676.2821086849231,675.0039090290901,673.7608646453239,626.7357499482506,622.2687673978993
85,2.0411147663920403E7,690.7947641784251,592.5316047577821,810.4072098792097,657.5218010516055,743.4824732244471,742.1989886153802,740.9508051597217,693.7312963724328,709.6690552025317,708.3852328433921,707.1367209456265,659.9047887210482,676.5443713411044,675.2602441891206,674.0114359007013,626.7682902566489,622.2882315473776
86,2.0505512401662346E7,691.0836021992928,592.5358533143951,810.6663286734623,656.3394178963996,743.9708923861242,742.6814549898636,741.4274830344988,693.9890124248511,710.0381298230112,708.7483676129934,707.4940797957971,660.0436617592466,676.8066339972873,675.5165793491512,674.2620071560772,626.8008305650463,622.3076956968553
87,2.059987713940437E7,691.3724402201588,592.5401018710073,810.9254474677151,655.1570347411935,744.4593115478037,743.1639213643458,741.9041609092742,694.2467284772708,710.4072044434907,709.1115023825935,707.8514386459667,660.1825347974441,677.0688966534692,675.7729145091822,674.5125784114534,626.8333708734442,622.327159846333
88,2.069424187714634E7,691.661278241026,592.5443504276192,811.1845662619677,653.9746515859873,744.947730709481,743.6463877388303,742.3808387840514,694.5044445296899,710.7762790639708,709.4746371521929,708.2087974961364,660.3214078356425,677.3311593096511,676.0292496692124,674.7631496668308,626.8659111818429,622.3466239958109
89,2.075940047650472E7,691.9445896615638,592.5947381367936,811.4779792450894,653.1051996275498,745.3815071344674,744.076042645719,742.8064859575879,694.7784926785296,711.1155204608242,709.8097677432877,708.5399307711324,660.5013360636933,677.5861259126955,676.2801153379941,675.0100276188547,626.9619473054239,622.4323659701181
90,2.0815693577063836E7,692.2262234872081,592.6591313470142,811.7818022004659,652.3307376713087,745.7986968025805,744.4896666759346,743.2166428045826,695.0574984215339,711.4457060076797,710.1363976894936,708.8631032947893,660.6937265601734,677.8388778049327,676.5293207472961,675.2557844717446,627.0772575304244,622.5382265225381
91,2.0871986677622955E7,692.5078573128527,592.7235245572334,812.0856251558424,651.5562757150677,746.2158864706953,744.9032907061506,743.6267996515767,695.336504164538,711.7758915545342,710.4630276356999,709.1862758184465,660.886117056654,678.0916296971697,676.7785261565984,675.5015413246347,627.1925677554249,622.64408707496
92,2.0928279778182086E7,692.7894911384975,592.7879177674527,812.3894481112187,650.7818137588267,746.6330761388087,745.3169147363665,744.0369564985714,695.6155099075429,712.1060771013892,710.7896575819071,709.5094483421042,661.0785075531345,678.3443815894074,677.0277315659005,675.747298177525,627.3078779804257,622.7499476273791
93,2.098457287874118E7,693.0711249641415,592.8523109776723,812.6932710665952,650.0073518025857,747.050265806922,745.7305387665814,744.4471133455658,695.8945156505472,712.436262648245,711.1162875281137,709.8326208657608,661.2708980496144,678.5971334816427,677.2769369752043,675.9930550304156,627.4231882054249,622.8558081797997
94,2.1040865979300283E7,693.3527587897862,592.916704187891,812.9970940219717,649.2328898463446,747.4674554750364,746.1441627967972,744.8572701925609,696.173521393553,712.7664481951003,711.44291747432,710.1557933894193,661.4632885460946,678.8498853738794,677.5261423845064,676.2388118833062,627.5384984304258,622.961668732221
95,2.109715907985939E7,693.6343926154302,592.9810973981114,813.3600417491565,648.4584278901037,747.8846451431496,746.5577868270127,745.2674270395547,696.4525271365559,713.0966337419557,711.7695474205284,710.4789659130754,661.6556790425758,679.1026372661172,677.7753477938093,676.4845687361968,627.6538086554259,623.0675292846405
96,2.1153452180418517E7,693.9160264410754,593.0454906083314,814.0520816981704,647.6839659338626,748.3018348112626,746.9714108572282,745.6775838865502,696.731532879561,713.4268192888111,712.0961773667344,710.8021384367316,661.8480695390563,679.355389158354,678.0245532031113,676.7303255890865,627.7691188804267,623.1733898370614
97,2.119212282995055E7,694.1745629482847,593.1234334199919,814.6491408635826,647.1898029173788,748.6641203043314,747.3312403701938,746.0350252326372,696.9986383092861,713.7193534182785,712.3862630766262,711.089843331805,662.0457166072202,679.5854971858743,678.2522194726629,676.9556175216006,627.9045980759744,623.3011854212128
98,2.122583517964942E7,694.4266007323628,593.205188583661,815.2194759823363,646.7745055583517,749.0109578122392,747.6759341142764,746.377634404757,697.262395435121,714.0012938445059,712.6660666026985,711.3675689602833,662.2448426784144,679.8092340752092,678.4738254323944,677.1751513895227,628.0457520668817,623.4351527044074
99,2.1259547529348265E7,694.6786385164404,593.2869437473316,815.7898111010899,646.3592081993247,749.3577953201468,748.0206278583589,746.7202435768774,697.5261525609561,714.2832342707317,712.9458701287716,711.6452945887596,662.4439687496108,680.0329709645455,678.695431392125,677.3946852574451,628.1869060577907,623.5691199876029
100,2.1293259879047137E7,694.9306763005177,593.3686989110006,816.3601462198434,645.9439108402977,749.704632828054,748.3653216024396,747.0628527489974,697.7899096867902,714.5651746969585,713.2256736548441,711.9230202172363,662.6430948208072,680.2567078538802,678.9170373518568,677.6142191253666,628.3280600486979,623.7030872707983
101,2.1326972228745975E7,695.1827140845951,593.4504540746701,816.9304813385969,645.5286134812706,750.0514703359618,748.710015346522,747.4054619211166,698.0536668126252,714.8471151231852,713.505477180917,712.2007458457127,662.842220892002,680.4804447432159,679.1386433115874,677.8337529932887,628.4692140396056,623.8370545539926
102,2.1360684578444805E7,695.4347518686718,593.5322092383394,817.5008164573507,645.1133161222436,750.3983078438695,749.0547090906051,747.7480710932367,698.3174239384595,715.1290555494132,713.785280706989,712.4784714741902,663.0413469631976,680.7041816325512,679.3602492713187,678.0532868612091,628.6103680305127,623.9710218371886
103,2.1394396928143628E7,695.68678965275,593.6139644020099,818.0711515761042,644.6980187632165,750.7451453517773,749.3994028346858,748.0906802653562,698.5811810642939,715.4109959756391,714.0650842330609,712.7561971026663,663.2404730343928,680.9279185218865,679.5818552310493,678.2728207291301,628.7515220214214,624.1049891203838
104,2.1428109277842496E7,695.9388274368278,593.6957195656795,818.6414866948577,644.2827214041896,751.0919828596835,749.7440965787679,748.4332894374776,698.844938190129,715.6929364018664,714.3448877591342,713.0339227311425,663.439599105589,681.1516554112219,679.8034611907802,678.4923545970528,628.8926760123294,624.2389564035794
105,2.1451811502509695E7,696.1613352578817,593.7742270530617,819.1149994676097,644.0714787090564,751.3895678690698,750.0401700929491,748.7278931790468,699.0839451527705,715.9370754742575,714.587520308346,713.2750903425986,663.6253528297262,681.3473743898219,679.9976779161744,678.6851105369028,629.0301750985731,624.3704051622204
106,2.1472911907823183E7,696.3761676873628,593.8518904084291,819.5633462955899,643.9132736505226,751.6743512297763,750.323606296932,749.0100194083068,699.3165190835165,716.1713892653761,714.8204914230911,713.5067558393522,663.8076308299075,681.5358109876162,680.1847756655583,678.8709063907106,629.1667242065056,624.5011993090645
107,2.149401231313658E7,696.5910001168436,593.9295537637965,820.0116931235704,643.7550685919888,751.9591345904829,750.6070425009159,749.2921456375677,699.5490930142632,716.4057030564961,715.0534625378364,713.7384213361066,663.989908830089,681.7242475854097,680.3718734149401,679.0567022445181,629.3032733144364,624.63199345591
108,2.151511271845005E7,696.8058325463254,594.0072171191636,820.4600399515504,643.5968635334549,752.2439179511902,750.8904787049004,749.5742718668278,699.7816669450104,716.6400168476155,715.2864336525815,713.9700868328605,664.1721868302704,681.9126841832036,680.5589711643223,679.2424980983268,629.4398224223686,624.7627876027549
109,2.1536213123763543E7,697.0206649758068,594.0848804745307,820.9083867795306,643.438658474921,752.5287013118976,751.1739149088834,749.856398096088,700.0142408757561,716.8743306387339,715.5194047673274,714.2017523296159,664.3544648304513,682.1011207809983,680.7460689137058,679.4282939521354,629.5763715302993,624.8935817495982
110,2.1557313529076982E7,697.235497405288,594.1625438298973,821.3567336075108,643.2804534163871,752.8134846726044,751.4573511128659,750.138524325349,700.2468148065036,717.1086444298537,715.7523758820716,714.4334178263697,664.5367428306336,682.2895573787922,680.9331666630881,679.6140898059432,629.7129206382307,625.0243758964434
111,2.1578413934390433E7,697.4503298347691,594.240207185265,821.805080435491,643.1222483578533,753.098268033311,751.7407873168512,750.4206505546096,700.4793887372499,717.3429582209735,715.9853469968169,714.6650833231229,664.7190208308141,682.4779939765859,681.1202644124701,679.7998856597511,629.8494697461631,625.1551700432881
112,2.1599514339703918E7,697.6651622642505,594.3178705406327,822.2534272634715,642.9640432993193,753.3830513940173,752.0242235208335,750.7027767838684,700.711962667996,717.5772720120908,716.2183181115622,714.8967488198779,664.9012988309955,682.6664305743792,681.3073621618538,679.9856815135588,629.986018854094,625.285964190133
113,2.1613291928063866E7,697.8283897977598,594.3761368155352,822.5679772497746,642.96801411162,753.5977117003803,752.2380023469249,750.9156984384641,700.8924594256937,717.75369651296,716.3938638943022,715.0714401170769,665.0436667892393,682.8076462951781,681.4477015580156,680.1251687516425,630.0932708144004,625.3887407266008
114,2.162531803928456E7,697.9792744315155,594.4297636814218,822.8505256018719,643.0107742767217,753.7955999192517,752.4351204663857,751.112067688265,701.0605003240314,717.916275007688,716.5556746408042,715.2325042802521,665.1764890321505,682.9375676893432,681.576857254347,680.2535798584621,630.1935154598119,625.4848159889038
115,2.163734415050529E7,698.1301590652711,594.4833905473087,823.1330739539693,643.0535344418234,753.9934881381238,752.6322385858479,751.3084369380657,701.2285412223696,718.0788535024185,716.7174853873055,715.3935684434296,665.3093112750611,683.0674890835074,681.7060129506758,680.3819909652827,630.2937601052234,625.5808912512072
116,2.1649370261726003E7,698.2810436990271,594.5370174131957,823.4156223060669,643.0962946069251,754.1913763569954,752.8293567053112,751.5048061878657,701.3965821207089,718.2414319971479,716.8792961338063,715.5546326066046,665.4421335179716,683.1974104776723,681.8351686470062,680.510402072103,630.3940047506351,625.6769665135093
117,2.1661396372946743E7,698.4319283327819,594.590644279083,823.6981706581643,643.1390547720266,754.3892645758682,753.0264748247736,751.7011754376671,701.5646230190468,718.4040104918766,717.0411068803089,715.7156967697797,665.5749557608812,683.327331871838,681.9643243433372,680.6388131789232,630.4942493960461,625.7730417758127
118,2.1673422484167434E7,698.5828129665366,594.6442711449686,823.9807190102616,643.1818149371283,754.5871527947396,753.2235929442348,751.8975446874657,701.732663917385,718.5665889866062,717.2029176268096,715.8767609329553,665.7077780037928,683.4572532660037,682.0934800396683,680.7672242857429,630.5944940414571,625.8691170381147
119,2.1685448595388137E7,698.7336976002923,594.6978980108548,824.263267362359,643.22457510223,754.7850410136103,753.4207110636968,752.0939139372664,701.9007048157252,718.7291674813362,717.3647283733125,716.0378250961321,665.8406002467028,683.5871746601683,682.2226357359978,680.8956353925636,630.6947386868692,625.965192300418
120,2.1697474706608813E7,698.8845822340479,594.7515248767421,824.5458157144564,643.2673352673316,754.9829292324836,753.6178291831594,752.2902831870664,702.0687457140633,718.891745976065,717.5265391198129,716.1988892593072,665.9734224896129,683.717096054333,682.3517914323277,681.0240464993835,630.794983332282,626.061267562721
121,2.170950081782957E7,699.0354668678041,594.8051517426295,824.8283640665537,643.3100954324332,755.1808174513559,753.8149473026205,752.486652436868,702.2367866124011,719.054324470794,717.6883498663153,716.3599534224825,666.1062447325227,683.8470174484984,682.480947128659,681.1524576062036,630.8952279776927,626.1573428250235
122,2.1721526929050263E7,699.1863515015588,594.8587786085156,825.1109124186513,643.352855597535,755.3787056702255,754.0120654220826,752.683021686668,702.40482751074,719.2169029655239,717.8501606128166,716.5210175856587,666.2390669754332,683.9769388426632,682.6101028249894,681.2808687130237,630.9954726231049,626.2534180873267
123,2.1733553040271007E7,699.3372361353134,594.9124054744028,825.3934607707487,643.3956157626366,755.5765938890983,754.2091835415446,752.8793909364687,702.5728684090795,719.379481460254,718.0119713593191,716.6820817488345,666.3718892183447,684.1068602368283,682.7392585213197,681.4092798198437,631.0957172685154,626.3494933496287
124,2.1745579151491713E7,699.4881207690689,594.966032340289,825.676009122846,643.4383759277382,755.7744821079694,754.4063016610077,753.0757601862691,702.7409093074173,719.5420599549823,718.1737821058196,716.8431459120114,666.5047114612557,684.2367816309937,682.8684142176503,681.5376909266641,631.195961913928,626.445568611932
125,2.175760526271242E7,699.639005402825,595.019659206175,825.9585574749434,643.4811360928398,755.9723703268422,754.6034197804689,753.2721294360691,702.9089502057564,719.7046384497124,718.3355928523224,717.0042100751868,666.6375337041646,684.3667030251587,682.9975699139806,681.6661020334844,631.2962065593393,626.5416438742351
126,2.1769631373933148E7,699.7898900365791,595.0732860720616,826.2411058270408,643.5238962579416,756.1702585457141,754.800537899932,753.4684986858693,703.0769911040946,719.8672169444418,718.4974035988231,717.1652742383613,666.7703559470747,684.4966244193232,683.1267256103105,681.7945131403046,631.3964512047506,626.6377191365373
127,2.1781657485153858E7,699.9407746703348,595.1269129379496,826.5236541791381,643.5666564230432,756.3681467645848,754.9976560193933,753.6648679356684,703.2450320024332,720.0297954391709,718.6592143453247,717.3263384015387,666.9031781899859,684.6265458134884,683.2558813066415,681.9229242471241,631.4966958501622,626.7337943988406
128,2.1793683596374568E7,700.0916593040913,595.1805398038357,826.8062025312357,643.6094165881448,756.5660349834567,755.1947741388559,753.8612371854691,703.4130729007735,720.1923739338995,718.8210250918273,717.487402564714,667.0360004328965,684.7564672076527,683.3850370029709,682.0513353539445,631.5969404955734,626.8298696611433
129,2.1802742892730054E7,700.2039997492379,595.2178441376968,827.0058842935331,643.6915315563327,756.7147646324869,755.342924004998,754.008823240806,703.5393306070068,720.3136343585289,718.9417073438428,717.6075225718321,667.134851383038,684.8521656031559,683.4801586700835,682.1458961805968,631.6702853528133,626.899932790902
130,2.1811209752896078E7,700.3086433972269,595.2518890640406,827.1890186240142,643.7815051913522,756.8536779238667,755.481295517346,754.146667896308,703.657244727197,720.4266440762159,719.0541767448179,717.7194665380114,667.2269186866938,684.9410300896235,683.5684841630164,682.2336975254799,631.7382586554646,626.9648016199092
131,2.1819676613062087E7,700.4132870452155,595.2859339903841,827.3721529544956,643.8714788263716,756.992591215247,755.6196670296928,754.2845125518114,703.7751588473863,720.5396537939026,719.1666461457937,717.8314105041906,667.3189859903482,685.0298945760899,683.6568096559495,682.3214988703618,631.8062319581165,627.0296704489177
132,2.182814347322821E7,700.517930693206,595.3199789167284,827.5552872849768,643.9614524613911,757.1315045066282,755.7580385420398,754.4223572073141,703.8930729675744,720.6526635115881,719.2791155467686,717.9433544703699,667.4110532940028,685.1187590625559,683.745135148882,682.4093002152441,631.8742052607678,627.0945392779246
133,2.18366103333942E7,700.6225743411939,595.3540238430716,827.7384216154582,644.0514260964105,757.2704177980078,755.8964100543861,754.5602018628168,704.0109870877644,720.7656732292754,719.3915849477452,718.0552984365497,667.5031205976593,685.2076235490224,683.8334606418156,682.4971015601267,631.9421785634203,627.1594081069318
134,2.1845077193560276E7,700.7272179891826,595.3880687694149,827.9215559459393,644.1413997314299,757.4093310893885,756.0347815667334,754.6980465183179,704.1289012079534,720.8786829469615,719.5040543487203,718.1672424027299,667.5951879013134,685.2964880354888,683.921786134748,682.5849029050099,632.0101518660713,627.224276935939
135,2.1853544053726315E7,700.8318616371721,595.4221136957592,828.1046902764207,644.2313733664496,757.548244380769,756.1731530790811,754.8358911738216,704.2468153281428,720.9916926646479,719.6165237496957,718.2791863689097,667.6872552049683,685.3853525219561,684.0101116276812,682.6727042498933,632.0781251687223,627.2891457649479
136,2.1862010913892377E7,700.9365052851604,595.4561586221029,828.2878246069018,644.3213470014689,757.6871576721502,756.3115245914281,754.9737358293236,704.364729448332,721.1047023823343,719.7289931506715,718.3911303350882,667.7793225086228,685.4742170084215,684.0984371206132,682.7605055947744,632.146098471374,627.3540145939538
137,2.18704777740584E7,701.0411489331507,595.4902035484457,828.470958937383,644.4113206364883,757.8260709635309,756.4498961037754,755.1115804848258,704.4826435685214,721.2177121000208,719.8414625516467,718.5030743012682,667.8713898122772,685.5630814948893,684.1867626135463,682.8483069396577,632.2140717740258,627.4188834229614
138,2.1878944634224433E7,701.1457925811388,595.5242484747903,828.6540932678641,644.501294271508,757.9649842549105,756.5882676161219,755.2494251403281,704.6005576887098,721.3307218177068,719.9539319526222,718.6150182674485,667.9634571159338,685.6519459813553,684.2750881064793,682.9361082845398,632.2820450766781,627.4837522519691
139,2.18874114943905E7,701.2504362291277,595.5582934011326,828.8372275983455,644.5912679065274,758.1038975462917,756.7266391284687,755.3872697958303,704.7184718088989,721.443731535394,720.0664013535978,718.7269622336268,668.0555244195881,685.740810467822,684.363413599412,683.0239096294233,632.3500183793288,627.5486210809762
140,2.1895878354556557E7,701.3550798771167,595.5923383274778,829.0203619288267,644.6812415415468,758.2428108376718,756.865010640816,755.5251144513328,704.8363859290882,721.5567412530794,720.1788707545738,718.8389061998062,668.1475917232447,685.8296749542887,684.4517390923455,683.111710974306,632.4179916819803,627.6134899099836
141,2.1904345214722577E7,701.4597235251053,595.626383253821,829.203496259308,644.7712151765663,758.3817241290516,757.0033821531625,755.6629591068362,704.9543000492774,721.6697509707683,720.291340155549,718.9508501659873,668.2396590268993,685.918539440755,684.5400645852778,683.199512319188,632.4859649846329,627.6783587389916
142,2.1912812074888658E7,701.564367173094,595.6604281801654,829.3866305897894,644.8611888115857,758.5206374204323,757.1417536655091,755.8008037623382,705.0722141694661,721.7827606884525,720.403809556524,719.0627941321658,668.3317263305539,686.007403927221,684.6283900782114,683.287313664071,632.5539382872842,627.7432275679982
143,2.192127893505468E7,701.6690108210839,595.6944731065081,829.5697649202706,644.9511624466052,758.659550711813,757.2801251778559,755.9386484178411,705.1901282896553,721.8957704061395,720.5162789575008,719.1747380983453,668.423793634209,686.0962684136887,684.7167155711444,683.3751150089532,632.6219115899354,627.8080963970066
144,2.1929745795220733E7,701.7736544690717,595.7285180328531,829.7528992507517,645.0411360816248,758.7984640031931,757.418496690204,756.0764930733429,705.3080424098455,722.0087801238259,720.6287483584761,719.286682064525,668.5158609378642,686.1851329001546,684.8050410640764,683.4629163538355,632.6898848925877,627.8729652260135
145,2.1936403568991754E7,701.8473844867058,595.7502514114011,829.8792619971967,645.1203728052304,758.8980227034318,757.517630415597,756.1752135248706,705.3911289322416,722.0890329414525,720.7085772240475,719.3660986508416,668.5796812050494,686.2473423181173,684.8668274717866,683.5242913981576,632.735698277421,627.9164532641572
146,2.1942767123771213E7,701.9160868963866,595.7699825134488,829.9963917527535,645.197863341779,758.9911810083412,757.6103827419914,756.2675710498562,705.4685513024322,722.1639583727666,720.7830976281588,719.4402251786383,668.6389075431648,686.305216715157,684.9242977214002,683.5813686270078,632.7779077057561,627.9564640583499
147,2.1949130678550687E7,701.984789306066,595.7897136154987,830.1135215083106,645.2753538783275,759.0843393132499,757.7031350683875,756.3599285748438,705.5459736726222,722.2388838040802,720.8576180322689,719.5143517064349,668.6981338812792,686.363091112196,684.9817679710138,683.638445855857,632.8201171340896,627.9964748525421
148,2.1955494233330164E7,702.0534917157462,595.809444717546,830.2306512638673,645.352844414876,759.1774976181581,757.7958873947831,756.4522860998312,705.6233960428124,722.3138092353936,720.93213843638,719.5884782342301,668.7573602193925,686.4209655092351,685.0392382206275,683.6955230847066,632.8623265624233,628.0364856467346
149,2.1961857788109675E7,702.1221941254283,595.829175819595,830.3477810194241,645.4303349514246,759.2706559230663,757.8886397211787,756.5446436248175,705.7008184130013,722.3887346667082,721.0066588404915,719.6626047620279,668.8165865575068,686.4788399062752,685.0967084702417,683.752600313557,632.904535990758,628.0764964409268
150,2.1968221342889145E7,702.190896535108,595.8489069216433,830.4649107749809,645.5078254879732,759.3638142279752,757.9813920475746,756.6370011498046,705.7782407831916,722.4636600980215,721.0811792446012,719.7367312898233,668.875812895621,686.5367143033151,685.1541787198552,683.8096775424057,632.9467454190923,628.1165072351185
151,2.1974584897668667E7,702.2595989447885,595.868638023691,830.5820405305379,645.5853160245217,759.4569725328832,758.0741443739713,756.7293586747913,705.8556631533821,722.5385855293356,721.1556996487127,719.8108578176196,668.9350392337357,686.5945887003548,685.2116489694679,683.8667547712564,632.9889548474268,628.1565180293111
152,2.1980948452448126E7,702.3283013544691,595.88836912574,830.699170286095,645.6628065610703,759.5501308377924,758.1668967003671,756.8217161997785,705.9330855235717,722.6135109606497,721.2302200528233,719.8849843454149,668.9942655718495,686.6524630973946,685.2691192190811,683.9238320001062,633.0311642757603,628.1965288235037
153,2.1987312007227626E7,702.3970037641495,595.9081002277878,830.8163000416515,645.7402970976188,759.6432891427004,758.2596490267625,756.914073724765,706.0105078937611,722.6884363919637,721.3047404569342,719.9591108732111,669.0534919099642,686.7103374944332,685.3265894686959,683.9809092289554,633.0733737040954,628.2365396176962
154,2.1993675562007107E7,702.4657061738303,595.9278313298372,830.9334297972085,645.8177876341674,759.73644744761,758.3524013531584,757.0064312497517,706.0879302639511,722.7633618232774,721.3792608610453,720.0332374010068,669.1127182480785,686.7682118914736,685.3840597183101,684.0379864578048,633.1155831324297,628.2765504118885
155,2.2000039116786573E7,702.5344085835108,595.9475624318842,831.0505595527653,645.895278170716,759.8296057525178,758.4451536795538,757.0987887747389,706.1653526341413,722.8382872545914,721.4537812651557,720.1073639288035,669.171944586191,686.8260862885127,685.4415299679235,684.095063686655,633.1577925607629,628.3165612060814
156,2.2006402671566084E7,702.6031109931902,595.9672935339329,831.1676893083223,645.9727687072645,759.9227640574269,758.5379060059503,757.1911462997265,706.2427750043319,722.9132126859053,721.5283016692665,720.1814904565991,669.2311709243061,686.8839606855528,685.4990002175371,684.1521409155047,633.2000019890972,628.356572000273
157,2.2012766226345554E7,702.6718134028707,595.9870246359815,831.2848190638791,646.0502592438131,760.0159223623349,758.6306583323461,757.2835038247116,706.3201973745211,722.9881381172178,721.6028220733775,720.2556169843963,669.2903972624202,686.9418350825922,685.5564704671513,684.2092181443543,633.2422114174316,628.3965827944661
158,2.201912978112508E7,702.7405158125503,596.0067557380293,831.4019488194359,646.1277497803617,760.1090806672436,758.723410658742,757.3758613497004,706.3976197447116,723.0630635485327,721.6773424774885,720.3297435121915,669.3496236005345,686.9997094796325,685.6139407167649,684.2662953732037,633.2844208457661,628.4365935886578
159,2.2025493335904572E7,702.8092182222318,596.0264868400774,831.5190785749927,646.2052403169102,760.2022389721525,758.816162985138,757.4682188746862,706.4750421149,723.1379889798465,721.7518628815981,720.4038700399884,669.4088499386492,687.0575838766716,685.6714109663778,684.3233726020534,633.3266302741005,628.47660438285
160,2.2031856890684012E7,702.877920631912,596.046217942126,831.6362083305497,646.2827308534588,760.2953972770607,758.9089153115336,757.5605763996733,706.5524644850902,723.2129144111615,721.8263832857098,720.4779965677841,669.4680762767626,687.1154582737114,685.7288812159928,684.3804498309041,633.368839702435,628.5166151770427
161,2.203822044546351E7,702.9466230415932,596.0659490441751,831.7533380861065,646.3602213900074,760.3885555819692,759.0016676379292,757.6529339246605,706.6298868552811,723.2878398424753,721.9009036898204,720.55212309558,669.5273026148782,687.1733326707509,685.7863514656062,684.4375270597521,633.4110491307691,628.5566259712352
162,2.204458400024303E7,703.015325451273,596.0856801462222,831.8704678416633,646.437711926556,760.4817138868788,759.0944199643249,757.7452914496467,706.70730922547,723.3627652737888,721.9754240939305,720.6262496233762,669.5865289529925,687.2312070677904,685.8438217152192,684.4946042886023,633.4532585591026,628.5966367654271
163,2.2050947555022467E7,703.0840278609534,596.105411248271,831.9875975972201,646.5152024631043,760.5748721917861,759.18717229072,757.837648974635,706.7847315956601,723.4376907051015,722.0499444980425,720.700376151173,669.6457552911058,687.2890814648312,685.9012919648334,684.5516815174527,633.4954679874378,628.6366475596197
164,2.205731110980196E7,703.1527302706336,596.125142350319,832.1047273527771,646.5926929996529,760.668030496695,759.2799246171159,757.9300064996202,706.8621539658507,723.5126161364162,722.1244649021525,720.7745026789684,669.7049816292201,687.3469558618704,685.9587622144467,684.6087587463019,633.5376774157711,628.6766583538121
165,2.2062404652312517E7,703.2023225013811,596.1382376070476,832.1897746900501,646.6504085391766,760.7362346347594,759.3478044411332,757.9975709378872,706.9177874881102,723.5671318447037,722.178656993158,720.8283800617963,669.7469537258835,687.3886579442307,686.0001413281896,684.6498237826571,633.5668610308865,628.7041883045524
166,2.2067291647623338E7,703.2488067669199,596.1502536495805,832.2696043346922,646.7049079914545,760.8003803763755,759.4116391501201,758.0611031768127,706.9698774024598,723.6183282377033,722.2295430088981,720.8789642447925,669.7861196959127,687.4277298580545,686.0389034758322,684.6882846917916,633.5939262056438,628.7296884455591
167,2.2072178642934177E7,703.2952910324576,596.162269692112,832.3494339793339,646.7594074437326,760.8645261179907,759.4754738591079,758.1246354157357,707.0219673168071,723.6695246307033,722.2804290246389,720.9295484277886,669.8252856659417,687.4668017718773,686.0776656234742,684.726745600924,633.6209913804018,628.7551885865655
168,2.207706563824493E7,703.341775297997,596.1742857346453,832.4292636239758,646.8139068960105,760.9286718596062,759.5393085680956,758.1881676546606,707.0740572311563,723.720721023704,722.3313150403802,720.9801326107845,669.8644516359705,687.5058736857027,686.1164277711162,684.7652065100579,633.6480565551584,628.7806887275724
169,2.2081952633555785E7,703.3882595635362,596.1863017771778,832.5090932686179,646.8684063482884,760.9928176012214,759.603143277083,758.2516998935861,707.1261471455036,723.7719174167046,722.3822010561195,721.0307167937813,669.9036176059989,687.5449455995256,686.155189918758,684.8036674191912,633.6751217299167,628.8061888685786
170,2.2086839628866564E7,703.4347438290748,596.1983178197103,832.5889229132598,646.9229058005664,761.0569633428369,759.6669779860712,758.3152321325105,707.1782370598528,723.8231138097045,722.4330870718611,721.081300976778,669.9427835760275,687.5840175133501,686.1939520664009,684.8421283283245,633.7021869046731,628.8316890095861
171,2.2091726624177393E7,703.4812280946132,596.2103338622429,832.6687525579015,646.9774052528443,761.1211090844523,759.7308126950583,758.3787643714351,707.2303269742014,723.8743102027063,722.4839730876018,721.1318851597744,669.9819495460564,687.6230894271746,686.2327142140424,684.880589237458,633.7292520794316,628.8571891505924
172,2.209661361948816E7,703.5277123601527,596.2223499047751,832.7485822025436,647.0319047051222,761.1852548260673,759.7946474040451,758.4422966103592,707.2824168885487,723.9255065957049,722.5348591033415,721.1824693427694,670.0211155160852,687.6621613409982,686.271476361685,684.9190501465926,633.7563172541887,628.8826892915994
173,2.2101500614799023E7,703.5741966256913,596.2343659473081,832.8284118471855,647.0864041574001,761.2494005676834,759.8584821130324,758.505828849285,707.3345068028977,723.9767029887063,722.5857451190827,721.2330535257653,670.0602814861146,687.7012332548219,686.3102385093267,684.9575110557255,633.7833824289461,628.9081894326057
174,2.210638761010982E7,703.620680891231,596.2463819898416,832.9082414918272,647.140903609678,761.3135463092984,759.92231682202,758.5693610882098,707.386596717246,724.0278993817059,722.636631134823,721.2836377087626,670.0994474561422,687.740305168646,686.3490006569693,684.9959719648591,633.810447603704,628.9336895736128
175,2.2111274605420645E7,703.6671651567685,596.2583980323732,832.9880711364693,647.1954030619561,761.3776920509148,759.9861515310077,758.6328933271326,707.4386866315944,724.0790957747067,722.6875171505641,721.3342218917593,670.1386134261714,687.7793770824701,686.3877628046123,685.0344328739924,633.8375127784615,628.9591897146197
176,2.211616160073144E7,703.7136494223081,596.2704140749051,833.0679007811112,647.2499025142338,761.4418377925298,760.0499862399953,758.6964255660581,707.4907765459426,724.130292167706,722.7384031663055,721.3848060747547,670.1777793962001,687.8184489962938,686.4265249522539,685.0728937831262,633.8645779532177,628.9846898556262
177,2.212104859604223E7,703.7601336878479,596.2824301174381,833.1477304257529,647.3044019665117,761.5059835341448,760.1138209489835,758.7599578049832,707.5428664602908,724.1814885607068,722.7892891820456,721.4353902577503,670.2169453662283,687.8575209101177,686.4652870998959,685.1113546922608,633.8916431279753,629.0101899966329
178,2.2125935591353066E7,703.8066179533876,596.2944461599717,833.227560070395,647.3589014187896,761.5701292757611,760.1776556579695,758.8234900439078,707.5949563746409,724.2326849537076,722.8401751977865,721.4859744407464,670.256111336257,687.8965928239418,686.5040492475378,685.1498156013929,633.9187083027331,629.0356901376398
179,2.2130822586663887E7,703.8531022189252,596.306462202504,833.307389715037,647.4134008710676,761.6342750173752,760.2414903669584,758.8870222828324,707.6470462889872,724.2838813467089,722.8910612135265,721.5365586237431,670.2952773062868,687.9356647377658,686.5428113951809,685.1882765105273,633.9457734774898,629.0611902786464
180,2.2135709581974663E7,703.8995864844636,596.3184782450369,833.3872193596786,647.4679003233456,761.6984207589904,760.3053250759457,758.9505545217572,707.699136203336,724.3350777397089,722.941947229267,721.5871428067401,670.3344432763153,687.9747366515896,686.5815735428234,685.2267374196604,633.9728386522476,629.086690419653
181,2.214059657728547E7,703.9460707500036,596.330494287569,833.4670490043208,647.5223997756235,761.7625665006063,760.3691597849321,759.0140867606818,707.751226117684,724.3862741327085,722.9928332450088,721.6377269897357,670.3736092463436,688.0138085654135,686.6203356904655,685.2651983287934,633.9999038270048,629.1121905606591
182,2.2145483572596285E7,703.9925550155418,596.3425103301022,833.5468786489627,647.5768992279014,761.8267122422216,760.4329944939201,759.0776189996062,707.8033160320332,724.4374705257088,723.0437192607501,721.6883111727325,670.4127752163726,688.0528804792375,686.6590978381062,685.3036592379275,634.0269690017628,629.1376907016665
183,2.215037056790712E7,704.0390392810802,596.354526372634,833.6267082936046,647.6313986801794,761.8908579838377,760.4968292029076,759.1411512385304,707.8554059463811,724.4886669187094,723.0946052764898,721.738895355728,670.4519411864015,688.0919523930608,686.69785998575,685.3421201470611,634.05403417652,629.1631908426727
184,2.215525756321793E7,704.0855235466192,596.3665424151671,833.7065379382465,647.6858981324573,761.9550037254531,760.5606639118952,759.2046834774559,707.9074958607296,724.5398633117103,723.1454912922314,721.7894795387233,670.4911071564302,688.1310243068857,686.7366221333924,685.3805810561952,634.0810993512773,629.1886909836802
185,2.215914046195612E7,704.1198888289404,596.374937908339,833.766531966805,647.7248834573808,762.0028602750521,760.6082736620396,759.2520532225375,707.9457863129708,724.5779404629301,723.1833221287939,721.827070841667,670.5196369976495,688.1599377506287,686.7652897151327,685.4090095445058,634.1004830284951,629.206890833824
186,2.2162860060432993E7,704.1522831523112,596.3827445770161,833.8233000493966,647.7613456574184,762.0480676478843,760.6532446819168,759.2967943962841,707.9818325032262,724.6138839791308,723.2190297490952,721.8625490603057,670.5464370424905,688.1871990815515,686.7923155770477,685.435806419896,634.1186174328932,629.2239034083229
187,2.2166579658909846E7,704.1846774756821,596.390551245694,833.8800681319882,647.7978078574558,762.093275020717,760.698215701793,759.3415355700328,708.0178786934816,724.6498274953316,723.2547373693972,721.8980272789439,670.5732370873335,688.2144604124757,686.8193414389641,685.4626032952855,634.1367518372916,629.2409159828226
188,2.217029925738678E7,704.2170717990532,596.398357914371,833.9368362145798,647.8342700574933,762.138482393549,760.74318672167,759.3862767437798,708.0539248837368,724.6857710115323,723.2904449896992,721.9335054975827,670.600037132176,688.2417217433998,686.84636730088,685.4894001706751,634.1548862416907,629.2579285573214
189,2.2174018855863687E7,704.249466122425,596.4061645830484,833.9936042971714,647.8707322575308,762.1836897663812,760.7881577415475,759.4310179175274,708.0899710739942,724.7217145277339,723.3261526100009,721.9689837162213,670.6268371770174,688.2689830743242,686.8733931627963,685.5161970460651,634.1730206460894,629.2749411318215
190,2.2177738454340562E7,704.2818604457958,596.4139712517265,834.050372379763,647.9071944575683,762.2288971392135,760.8331287614243,759.4757590912747,708.1260172642494,724.7576580439343,723.3618602303031,722.0044619348594,670.6536372218593,688.2962444052475,686.9004190247123,685.5429939214558,634.1911550504875,629.2919537063203
191,2.218145805281745E7,704.3142547691676,596.4217779204025,834.1071404623546,647.9436566576057,762.274104512045,760.8780997813006,759.5205002650222,708.1620634545046,724.7936015601362,723.3975678506054,722.039940153499,670.6804372667009,688.3235057361717,686.9274448866281,685.5697907968463,634.2092894548856,629.3089662808202
192,2.218517765129438E7,704.3466490925381,596.4295845890802,834.1639085449461,647.9801188576432,762.3193118848764,760.9230708011788,759.5652414387699,708.1981096447598,724.8295450763371,723.433275470908,722.0754183721377,670.7072373115433,688.3507670670958,686.9544707485444,685.5965876722353,634.2274238592855,629.3259788553189
193,2.218889724977125E7,704.3790434159089,596.4373912577581,834.2206766275377,648.0165810576808,762.3645192577093,760.9680418210556,759.6099826125181,708.2341558350158,724.8654885925382,723.4689830912096,722.1108965907752,670.7340373563857,688.3780283980205,686.9814966104602,685.6233845476263,634.245558263683,629.3429914298188
194,2.2192616848248176E7,704.4114377392804,596.4451979264344,834.2774447101293,648.0530432577183,762.4097266305415,761.0130128409324,759.6547237862654,708.270202025273,724.9014321087378,723.5046907115104,722.1463748094136,670.7608374012282,688.4052897289448,687.0085224723766,685.6501814230157,634.2636926680814,629.3600040043182
195,2.2196336446725056E7,704.4438320626512,596.4530045951124,834.3342127927209,648.0895054577558,762.4549340033735,761.0579838608097,759.6994649600125,708.3062482155278,724.9373756249394,723.5403983318133,722.1818530280518,670.7876374460698,688.4325510598678,687.0355483342922,685.6769782984065,634.28182707248,629.3770165788173
196,2.2200056045201965E7,704.4762263860221,596.4608112637897,834.3909808753125,648.1259676577932,762.5001413762069,761.1029548806865,759.7442061337605,708.3422944057838,724.9733191411402,723.5761059521154,722.2173312466912,670.8144374909122,688.4598123907933,687.0625741962093,685.7037751737968,634.2999614768793,629.3940291533162
197,2.2203775643678803E7,704.5086207093929,596.4686179324685,834.4477489579041,648.1624298578307,762.5453487490375,761.147925900564,759.7889473075071,708.3783405960398,725.0092626573412,723.6118135724183,722.2528094653302,670.8412375357536,688.4870737217157,687.0896000581251,685.7305720491867,634.3180958812782,629.4110417278162
198,2.2207495242155734E7,704.5410150327647,596.476424601146,834.5045170404957,648.1988920578682,762.5905561218707,761.1928969204395,759.8336884812553,708.4143867862948,725.0452061735418,723.6475211927199,722.2882876839686,670.8680375805968,688.5143350526406,687.1166259200402,685.7573689245769,634.3362302856767,629.4280543023151
199,2.221121484063261E7,704.5734093561351,596.4842312698221,834.5612851230873,648.2353542579057,762.6357634947022,761.2378679403174,759.8784296550037,708.4504329765505,725.0811496897431,723.6832288130207,722.3237659026075,670.8948376254388,688.5415963835651,687.1436517819571,685.7841657999662,634.3543646900744,629.445066876815
200,2.2214934439109538E7,704.6058036795062,596.4920379384994,834.6180532056788,648.2718164579433,762.6809708675347,761.2828389601958,759.9231708287501,708.4864791668072,725.1170932059439,723.7189364333236,722.3592441212454,670.9216376702811,688.5688577144891,687.1706776438733,685.8109626753562,634.3724990944729,629.4620794513136
